Code Domaine,Domaine,Code pays déclarant (ISO3),Pays déclarants,Code pays partenaire (ISO3),Pays partenaires,Code Élément,Élément,Code Produit (CPC),Produit,Code année,Année,Unité,Valeur,Symbole,Description du Symbole
"TM","Matrices du commerce détaillées","FRA","France","ALB","Albanie","5909","Exportations - Quantité","02151","Poulets","2022","2022","1000 têtes","6","A","Chiffre officiel"
"TM","Matrices du commerce détaillées","FRA","France","ALB","Albanie","5910","Exportations - Quantité","02151","Poulets","2022","2022","tonnes","0.24","A","Chiffre officiel"
"TM","Matrices du commerce détaillées","FRA","France","ALB","Albanie","5922","Exportations - Valeur","02151","Poulets","2022","2022","1000 US$","38","A","Chiffre officiel"
"TM","Matrices du commerce détaillées","FRA","France","ALB","Albanie","5910","Exportations - Quantité","21121","Viande, poulet, fraîche ou réfrigérée","2022","2022","tonnes","491.3","A","Chiffre officiel"
"TM","Matrices du commerce détaillées","FRA","France","ALB","Albanie","5922","Exportations - Valeur","21121","Viande, poulet, fraîche ou réfrigérée","2022","2022","1000 US$","574","A","Chiffre officiel"
"TM","Matrices du commerce détaillées","FRA","France","DZA","Algérie","5909","Exportations - Quantité","02151","Poulets","2022","2022","1000 têtes","236","A","Chiffre officiel"
"TM","Matrices du commerce détaillées","FRA","France","DZA","Algérie","5910","Exportations - Quantité","02151","Poulets","2022","2022","tonnes","9.52","A","Chiffre officiel"
"TM","Matrices du commerce détaillées","FRA","France","DZA","Algérie","5922","Exportations - Valeur","02151","Poulets","2022","2022","1000 US$","1907","A","Chiffre officiel"
"TM","Matrices du commerce détaillées","FRA","France","DEU","Allemagne","5909","Exportations - Quantité","02151","Poulets","2022","2022","1000 têtes","2146","A","Chiffre officiel"
"TM","Matrices du commerce détaillées","FRA","France","DEU","Allemagne","5910","Exportations - Quantité","02151","Poulets","2022","2022","tonnes","4733.25","A","Chiffre officiel"
"TM","Matrices du commerce détaillées","FRA","France","DEU","Allemagne","5922","Exportations - Valeur","02151","Poulets","2022","2022","1000 US$","4102","A","Chiffre officiel"
"TM","Matrices du commerce détaillées","FRA","France","DEU","Allemagne","5910","Exportations - Quantité","21121","Viande, poulet, fraîche ou réfrigérée","2022","2022","tonnes","38321.24","A","Chiffre officiel"
"TM","Matrices du commerce détaillées","FRA","France","DEU","Allemagne","5922","Exportations - Valeur","21121","Viande, poulet, fraîche ou réfrigérée","2022","2022","1000 US$","79441","A","Chiffre officiel"
"TM","Matrices du commerce détaillées","FRA","France","AGO","Angola","5909","Exportations - Quantité","02151","Poulets","2022","2022","1000 têtes","5","A","Chiffre officiel"
"TM","Matrices du commerce détaillées","FRA","France","AGO","Angola","5910","Exportations - Quantité","02151","Poulets","2022","2022","tonnes","0.18","A","Chiffre officiel"
"TM","Matrices du commerce détaillées","FRA","France","AGO","Angola","5922","Exportations - Valeur","02151","Poulets","2022","2022","1000 US$","31","A","Chiffre officiel"
"TM","Matrices du commerce détaillées","FRA","France","AGO","Angola","5910","Exportations - Quantité","21121","Viande, poulet, fraîche ou réfrigérée","2022","2022","tonnes","248.37","A","Chiffre officiel"
"TM","Matrices du commerce détaillées","FRA","France","AGO","Angola","5922","Exportations - Valeur","21121","Viande, poulet, fraîche ou réfrigérée","2022","2022","1000 US$","220","A","Chiffre officiel"
"TM","Matrices du commerce détaillées","FRA","France","SAU","Arabie saoudite","5909","Exportations - Quantité","02151","Poulets","2022","2022","1000 têtes","491","A","Chiffre officiel"
"TM","Matrices du commerce détaillées","FRA","France","SAU","Arabie saoudite","5910","Exportations - Quantité","02151","Poulets","2022","2022","tonnes","19.65","A","Chiffre officiel"
"TM","Matrices du commerce détaillées","FRA","France","SAU","Arabie saoudite","5922","Exportations - Valeur","02151","Poulets","2022","2022","1000 US$","2786","A","Chiffre officiel"
"TM","Matrices du commerce détaillées","FRA","France","SAU","Arabie saoudite","5910","Exportations - Quantité","21121","Viande, poulet, fraîche ou réfrigérée","2022","2022","tonnes","60196.71","A","Chiffre officiel"
"TM","Matrices du commerce détaillées","FRA","France","SAU","Arabie saoudite","5922","Exportations - Valeur","21121","Viande, poulet, fraîche ou réfrigérée","2022","2022","1000 US$","130852","A","Chiffre officiel"
"TM","Matrices du commerce détaillées","FRA","France","ARM","Arménie","5910","Exportations - Quantité","21121","Viande, poulet, fraîche ou réfrigérée","2022","2022","tonnes","387.33","A","Chiffre officiel"
"TM","Matrices du commerce détaillées","FRA","France","ARM","Arménie","5922","Exportations - Valeur","21121","Viande, poulet, fraîche ou réfrigérée","2022","2022","1000 US$","262","A","Chiffre officiel"
"TM","Matrices du commerce détaillées","FRA","France","AUT","Autriche","5909","Exportations - Quantité","02151","Poulets","2022","2022","1000 têtes","56","A","Chiffre officiel"
"TM","Matrices du commerce détaillées","FRA","France","AUT","Autriche","5910","Exportations - Quantité","02151","Poulets","2022","2022","tonnes","2.29","A","Chiffre officiel"
"TM","Matrices du commerce détaillées","FRA","France","AUT","Autriche","5922","Exportations - Valeur","02151","Poulets","2022","2022","1000 US$","339","A","Chiffre officiel"
"TM","Matrices du commerce détaillées","FRA","France","AUT","Autriche","5910","Exportations - Quantité","21121","Viande, poulet, fraîche ou réfrigérée","2022","2022","tonnes","391.59","A","Chiffre officiel"
"TM","Matrices du commerce détaillées","FRA","France","AUT","Autriche","5922","Exportations - Valeur","21121","Viande, poulet, fraîche ou réfrigérée","2022","2022","1000 US$","1490","A","Chiffre officiel"
"TM","Matrices du commerce détaillées","FRA","France","BHR","Bahreïn","5910","Exportations - Quantité","21121","Viande, poulet, fraîche ou réfrigérée","2022","2022","tonnes","357.1","A","Chiffre officiel"
"TM","Matrices du commerce détaillées","FRA","France","BHR","Bahreïn","5922","Exportations - Valeur","21121","Viande, poulet, fraîche ou réfrigérée","2022","2022","1000 US$","848","A","Chiffre officiel"
"TM","Matrices du commerce détaillées","FRA","France","BGD","Bangladesh","5909","Exportations - Quantité","02151","Poulets","2022","2022","1000 têtes","874","A","Chiffre officiel"
"TM","Matrices du commerce détaillées","FRA","France","BGD","Bangladesh","5910","Exportations - Quantité","02151","Poulets","2022","2022","tonnes","34.62","A","Chiffre officiel"
"TM","Matrices du commerce détaillées","FRA","France","BGD","Bangladesh","5922","Exportations - Valeur","02151","Poulets","2022","2022","1000 US$","6374","A","Chiffre officiel"
"TM","Matrices du commerce détaillées","FRA","France","BEL","Belgique","5909","Exportations - Quantité","02151","Poulets","2022","2022","1000 têtes","48467","A","Chiffre officiel"
"TM","Matrices du commerce détaillées","FRA","France","BEL","Belgique","5910","Exportations - Quantité","02151","Poulets","2022","2022","tonnes","109321.3","A","Chiffre officiel"
"TM","Matrices du commerce détaillées","FRA","France","BEL","Belgique","5922","Exportations - Valeur","02151","Poulets","2022","2022","1000 US$","127655","A","Chiffre officiel"
"TM","Matrices du commerce détaillées","FRA","France","BEL","Belgique","5910","Exportations - Quantité","21121","Viande, poulet, fraîche ou réfrigérée","2022","2022","tonnes","29989.53","A","Chiffre officiel"
"TM","Matrices du commerce détaillées","FRA","France","BEL","Belgique","5922","Exportations - Valeur","21121","Viande, poulet, fraîche ou réfrigérée","2022","2022","1000 US$","72685","A","Chiffre officiel"
"TM","Matrices du commerce détaillées","FRA","France","BEN","Bénin","5909","Exportations - Quantité","02151","Poulets","2022","2022","1000 têtes","34","A","Chiffre officiel"
"TM","Matrices du commerce détaillées","FRA","France","BEN","Bénin","5910","Exportations - Quantité","02151","Poulets","2022","2022","tonnes","1.22","A","Chiffre officiel"
"TM","Matrices du commerce détaillées","FRA","France","BEN","Bénin","5922","Exportations - Valeur","02151","Poulets","2022","2022","1000 US$","32","A","Chiffre officiel"
"TM","Matrices du commerce détaillées","FRA","France","BEN","Bénin","5910","Exportations - Quantité","21121","Viande, poulet, fraîche ou réfrigérée","2022","2022","tonnes","2425.84","A","Chiffre officiel"
"TM","Matrices du commerce détaillées","FRA","France","BEN","Bénin","5922","Exportations - Valeur","21121","Viande, poulet, fraîche ou réfrigérée","2022","2022","1000 US$","3170","A","Chiffre officiel"
"TM","Matrices du commerce détaillées","FRA","France","BGR","Bulgarie","5909","Exportations - Quantité","02151","Poulets","2022","2022","1000 têtes","31","A","Chiffre officiel"
"TM","Matrices du commerce détaillées","FRA","France","BGR","Bulgarie","5910","Exportations - Quantité","02151","Poulets","2022","2022","tonnes","1.2","A","Chiffre officiel"
"TM","Matrices du commerce détaillées","FRA","France","BGR","Bulgarie","5922","Exportations - Valeur","02151","Poulets","2022","2022","1000 US$","168","A","Chiffre officiel"
"TM","Matrices du commerce détaillées","FRA","France","BGR","Bulgarie","5910","Exportations - Quantité","21121","Viande, poulet, fraîche ou réfrigérée","2022","2022","tonnes","383.79","A","Chiffre officiel"
"TM","Matrices du commerce détaillées","FRA","France","BGR","Bulgarie","5922","Exportations - Valeur","21121","Viande, poulet, fraîche ou réfrigérée","2022","2022","1000 US$","600","A","Chiffre officiel"
"TM","Matrices du commerce détaillées","FRA","France","BFA","Burkina Faso","5909","Exportations - Quantité","02151","Poulets","2022","2022","1000 têtes","146","A","Chiffre officiel"
"TM","Matrices du commerce détaillées","FRA","France","BFA","Burkina Faso","5910","Exportations - Quantité","02151","Poulets","2022","2022","tonnes","5.51","A","Chiffre officiel"
"TM","Matrices du commerce détaillées","FRA","France","BFA","Burkina Faso","5922","Exportations - Valeur","02151","Poulets","2022","2022","1000 US$","224","A","Chiffre officiel"
"TM","Matrices du commerce détaillées","FRA","France","BFA","Burkina Faso","5910","Exportations - Quantité","21121","Viande, poulet, fraîche ou réfrigérée","2022","2022","tonnes","5.54","A","Chiffre officiel"
"TM","Matrices du commerce détaillées","FRA","France","BFA","Burkina Faso","5922","Exportations - Valeur","21121","Viande, poulet, fraîche ou réfrigérée","2022","2022","1000 US$","22","A","Chiffre officiel"
"TM","Matrices du commerce détaillées","FRA","France","BDI","Burundi","5909","Exportations - Quantité","02151","Poulets","2022","2022","1000 têtes","4","A","Chiffre officiel"
"TM","Matrices du commerce détaillées","FRA","France","BDI","Burundi","5910","Exportations - Quantité","02151","Poulets","2022","2022","tonnes","0.16","A","Chiffre officiel"
"TM","Matrices du commerce détaillées","FRA","France","BDI","Burundi","5922","Exportations - Valeur","02151","Poulets","2022","2022","1000 US$","25","A","Chiffre officiel"
"TM","Matrices du commerce détaillées","FRA","France","CPV","Cabo Verde","5910","Exportations - Quantité","21121","Viande, poulet, fraîche ou réfrigérée","2022","2022","tonnes","51.39","A","Chiffre officiel"
"TM","Matrices du commerce détaillées","FRA","France","CPV","Cabo Verde","5922","Exportations - Valeur","21121","Viande, poulet, fraîche ou réfrigérée","2022","2022","1000 US$","90","A","Chiffre officiel"
"TM","Matrices du commerce détaillées","FRA","France","KHM","Cambodge","5910","Exportations - Quantité","21121","Viande, poulet, fraîche ou réfrigérée","2022","2022","tonnes","0.07","A","Chiffre officiel"
"TM","Matrices du commerce détaillées","FRA","France","KHM","Cambodge","5922","Exportations - Valeur","21121","Viande, poulet, fraîche ou réfrigérée","2022","2022","1000 US$","3","A","Chiffre officiel"
"TM","Matrices du commerce détaillées","FRA","France","CMR","Cameroun","5909","Exportations - Quantité","02151","Poulets","2022","2022","1000 têtes","265","A","Chiffre officiel"
"TM","Matrices du commerce détaillées","FRA","France","CMR","Cameroun","5910","Exportations - Quantité","02151","Poulets","2022","2022","tonnes","10.95","A","Chiffre officiel"
"TM","Matrices du commerce détaillées","FRA","France","CMR","Cameroun","5922","Exportations - Valeur","02151","Poulets","2022","2022","1000 US$","1143","A","Chiffre officiel"
"TM","Matrices du commerce détaillées","FRA","France","CMR","Cameroun","5910","Exportations - Quantité","21121","Viande, poulet, fraîche ou réfrigérée","2022","2022","tonnes","165.33","A","Chiffre officiel"
"TM","Matrices du commerce détaillées","FRA","France","CMR","Cameroun","5922","Exportations - Valeur","21121","Viande, poulet, fraîche ou réfrigérée","2022","2022","1000 US$","396","A","Chiffre officiel"
"TM","Matrices du commerce détaillées","FRA","France","CAN","Canada","5909","Exportations - Quantité","02151","Poulets","2022","2022","1000 têtes","9","A","Chiffre officiel"
"TM","Matrices du commerce détaillées","FRA","France","CAN","Canada","5910","Exportations - Quantité","02151","Poulets","2022","2022","tonnes","0.34","A","Chiffre officiel"
"TM","Matrices du commerce détaillées","FRA","France","CAN","Canada","5922","Exportations - Valeur","02151","Poulets","2022","2022","1000 US$","137","A","Chiffre officiel"
"TM","Matrices du commerce détaillées","FRA","France","CAN","Canada","5910","Exportations - Quantité","21121","Viande, poulet, fraîche ou réfrigérée","2022","2022","tonnes","26.52","A","Chiffre officiel"
"TM","Matrices du commerce détaillées","FRA","France","CAN","Canada","5922","Exportations - Valeur","21121","Viande, poulet, fraîche ou réfrigérée","2022","2022","1000 US$","19","A","Chiffre officiel"
"TM","Matrices du commerce détaillées","FRA","France","HKG","Chine - RAS de Hong-Kong","5910","Exportations - Quantité","21121","Viande, poulet, fraîche ou réfrigérée","2022","2022","tonnes","1021.55","A","Chiffre officiel"
"TM","Matrices du commerce détaillées","FRA","France","HKG","Chine - RAS de Hong-Kong","5922","Exportations - Valeur","21121","Viande, poulet, fraîche ou réfrigérée","2022","2022","1000 US$","3629","A","Chiffre officiel"
"TM","Matrices du commerce détaillées","FRA","France","MAC","Chine - RAS de Macao","5910","Exportations - Quantité","21121","Viande, poulet, fraîche ou réfrigérée","2022","2022","tonnes","0.16","A","Chiffre officiel"
"TM","Matrices du commerce détaillées","FRA","France","MAC","Chine - RAS de Macao","5922","Exportations - Valeur","21121","Viande, poulet, fraîche ou réfrigérée","2022","2022","1000 US$","2","A","Chiffre officiel"
"TM","Matrices du commerce détaillées","FRA","France","CHN","Chine, continentale","5910","Exportations - Quantité","21121","Viande, poulet, fraîche ou réfrigérée","2022","2022","tonnes","25.18","A","Chiffre officiel"
"TM","Matrices du commerce détaillées","FRA","France","CHN","Chine, continentale","5922","Exportations - Valeur","21121","Viande, poulet, fraîche ou réfrigérée","2022","2022","1000 US$","52","A","Chiffre officiel"
"TM","Matrices du commerce détaillées","FRA","France","CYP","Chypre","5910","Exportations - Quantité","21121","Viande, poulet, fraîche ou réfrigérée","2022","2022","tonnes","23.53","A","Chiffre officiel"
"TM","Matrices du commerce détaillées","FRA","France","CYP","Chypre","5922","Exportations - Valeur","21121","Viande, poulet, fraîche ou réfrigérée","2022","2022","1000 US$","169","A","Chiffre officiel"
"TM","Matrices du commerce détaillées","FRA","France","COM","Comores","5910","Exportations - Quantité","21121","Viande, poulet, fraîche ou réfrigérée","2022","2022","tonnes","941.46","A","Chiffre officiel"
"TM","Matrices du commerce détaillées","FRA","France","COM","Comores","5922","Exportations - Valeur","21121","Viande, poulet, fraîche ou réfrigérée","2022","2022","1000 US$","1406","A","Chiffre officiel"
"TM","Matrices du commerce détaillées","FRA","France","COG","Congo","5909","Exportations - Quantité","02151","Poulets","2022","2022","1000 têtes","367","A","Chiffre officiel"
"TM","Matrices du commerce détaillées","FRA","France","COG","Congo","5910","Exportations - Quantité","02151","Poulets","2022","2022","tonnes","10.99","A","Chiffre officiel"
"TM","Matrices du commerce détaillées","FRA","France","COG","Congo","5922","Exportations - Valeur","02151","Poulets","2022","2022","1000 US$","420","A","Chiffre officiel"
"TM","Matrices du commerce détaillées","FRA","France","COG","Congo","5910","Exportations - Quantité","21121","Viande, poulet, fraîche ou réfrigérée","2022","2022","tonnes","2974.74","A","Chiffre officiel"
"TM","Matrices du commerce détaillées","FRA","France","COG","Congo","5922","Exportations - Valeur","21121","Viande, poulet, fraîche ou réfrigérée","2022","2022","1000 US$","4204","A","Chiffre officiel"
"TM","Matrices du commerce détaillées","FRA","France","CIV","Côte d'Ivoire","5909","Exportations - Quantité","02151","Poulets","2022","2022","1000 têtes","200","A","Chiffre officiel"
"TM","Matrices du commerce détaillées","FRA","France","CIV","Côte d'Ivoire","5910","Exportations - Quantité","02151","Poulets","2022","2022","tonnes","7.35","A","Chiffre officiel"
"TM","Matrices du commerce détaillées","FRA","France","CIV","Côte d'Ivoire","5922","Exportations - Valeur","02151","Poulets","2022","2022","1000 US$","442","A","Chiffre officiel"
"TM","Matrices du commerce détaillées","FRA","France","CIV","Côte d'Ivoire","5910","Exportations - Quantité","21121","Viande, poulet, fraîche ou réfrigérée","2022","2022","tonnes","70.09","A","Chiffre officiel"
"TM","Matrices du commerce détaillées","FRA","France","CIV","Côte d'Ivoire","5922","Exportations - Valeur","21121","Viande, poulet, fraîche ou réfrigérée","2022","2022","1000 US$","187","A","Chiffre officiel"
"TM","Matrices du commerce détaillées","FRA","France","HRV","Croatie","5909","Exportations - Quantité","02151","Poulets","2022","2022","1000 têtes","1","A","Chiffre officiel"
"TM","Matrices du commerce détaillées","FRA","France","HRV","Croatie","5910","Exportations - Quantité","02151","Poulets","2022","2022","tonnes","0.04","A","Chiffre officiel"
"TM","Matrices du commerce détaillées","FRA","France","HRV","Croatie","5922","Exportations - Valeur","02151","Poulets","2022","2022","1000 US$","42","A","Chiffre officiel"
"TM","Matrices du commerce détaillées","FRA","France","HRV","Croatie","5910","Exportations - Quantité","21121","Viande, poulet, fraîche ou réfrigérée","2022","2022","tonnes","99.99","A","Chiffre officiel"
"TM","Matrices du commerce détaillées","FRA","France","HRV","Croatie","5922","Exportations - Valeur","21121","Viande, poulet, fraîche ou réfrigérée","2022","2022","1000 US$","101","A","Chiffre officiel"
"TM","Matrices du commerce détaillées","FRA","France","DNK","Danemark","5909","Exportations - Quantité","02151","Poulets","2022","2022","1000 têtes","80","A","Chiffre officiel"
"TM","Matrices du commerce détaillées","FRA","France","DNK","Danemark","5910","Exportations - Quantité","02151","Poulets","2022","2022","tonnes","3.65","A","Chiffre officiel"
"TM","Matrices du commerce détaillées","FRA","France","DNK","Danemark","5922","Exportations - Valeur","02151","Poulets","2022","2022","1000 US$","313","A","Chiffre officiel"
"TM","Matrices du commerce détaillées","FRA","France","DNK","Danemark","5910","Exportations - Quantité","21121","Viande, poulet, fraîche ou réfrigérée","2022","2022","tonnes","2185.99","A","Chiffre officiel"
"TM","Matrices du commerce détaillées","FRA","France","DNK","Danemark","5922","Exportations - Valeur","21121","Viande, poulet, fraîche ou réfrigérée","2022","2022","1000 US$","9304","A","Chiffre officiel"
"TM","Matrices du commerce détaillées","FRA","France","DJI","Djibouti","5910","Exportations - Quantité","21121","Viande, poulet, fraîche ou réfrigérée","2022","2022","tonnes","35.58","A","Chiffre officiel"
"TM","Matrices du commerce détaillées","FRA","France","DJI","Djibouti","5922","Exportations - Valeur","21121","Viande, poulet, fraîche ou réfrigérée","2022","2022","1000 US$","142","A","Chiffre officiel"
"TM","Matrices du commerce détaillées","FRA","France","EGY","Égypte","5909","Exportations - Quantité","02151","Poulets","2022","2022","1000 têtes","95","A","Chiffre officiel"
"TM","Matrices du commerce détaillées","FRA","France","EGY","Égypte","5910","Exportations - Quantité","02151","Poulets","2022","2022","tonnes","3.91","A","Chiffre officiel"
"TM","Matrices du commerce détaillées","FRA","France","EGY","Égypte","5922","Exportations - Valeur","02151","Poulets","2022","2022","1000 US$","2048","A","Chiffre officiel"
"TM","Matrices du commerce détaillées","FRA","France","ARE","Émirats arabes unis","5910","Exportations - Quantité","21121","Viande, poulet, fraîche ou réfrigérée","2022","2022","tonnes","6097","A","Chiffre officiel"
"TM","Matrices du commerce détaillées","FRA","France","ARE","Émirats arabes unis","5922","Exportations - Valeur","21121","Viande, poulet, fraîche ou réfrigérée","2022","2022","1000 US$","12840","A","Chiffre officiel"
"TM","Matrices du commerce détaillées","FRA","France","ESP","Espagne","5909","Exportations - Quantité","02151","Poulets","2022","2022","1000 têtes","6213","A","Chiffre officiel"
"TM","Matrices du commerce détaillées","FRA","France","ESP","Espagne","5910","Exportations - Quantité","02151","Poulets","2022","2022","tonnes","358.81","A","Chiffre officiel"
"TM","Matrices du commerce détaillées","FRA","France","ESP","Espagne","5922","Exportations - Valeur","02151","Poulets","2022","2022","1000 US$","15952","A","Chiffre officiel"
"TM","Matrices du commerce détaillées","FRA","France","ESP","Espagne","5910","Exportations - Quantité","21121","Viande, poulet, fraîche ou réfrigérée","2022","2022","tonnes","15162.63","A","Chiffre officiel"
"TM","Matrices du commerce détaillées","FRA","France","ESP","Espagne","5922","Exportations - Valeur","21121","Viande, poulet, fraîche ou réfrigérée","2022","2022","1000 US$","24625","A","Chiffre officiel"
"TM","Matrices du commerce détaillées","FRA","France","EST","Estonie","5910","Exportations - Quantité","21121","Viande, poulet, fraîche ou réfrigérée","2022","2022","tonnes","122.22","A","Chiffre officiel"
"TM","Matrices du commerce détaillées","FRA","France","EST","Estonie","5922","Exportations - Valeur","21121","Viande, poulet, fraîche ou réfrigérée","2022","2022","1000 US$","272","A","Chiffre officiel"
"TM","Matrices du commerce détaillées","FRA","France","USA","États-Unis d'Amérique","5910","Exportations - Quantité","21121","Viande, poulet, fraîche ou réfrigérée","2022","2022","tonnes","1.28","A","Chiffre officiel"
"TM","Matrices du commerce détaillées","FRA","France","USA","États-Unis d'Amérique","5922","Exportations - Valeur","21121","Viande, poulet, fraîche ou réfrigérée","2022","2022","1000 US$","12","A","Chiffre officiel"
"TM","Matrices du commerce détaillées","FRA","France","ETH","Éthiopie","5910","Exportations - Quantité","21121","Viande, poulet, fraîche ou réfrigérée","2022","2022","tonnes","3.14","A","Chiffre officiel"
"TM","Matrices du commerce détaillées","FRA","France","ETH","Éthiopie","5922","Exportations - Valeur","21121","Viande, poulet, fraîche ou réfrigérée","2022","2022","1000 US$","10","A","Chiffre officiel"
"TM","Matrices du commerce détaillées","FRA","France","RUS","Fédération de Russie","5909","Exportations - Quantité","02151","Poulets","2022","2022","1000 têtes","29","A","Chiffre officiel"
"TM","Matrices du commerce détaillées","FRA","France","RUS","Fédération de Russie","5910","Exportations - Quantité","02151","Poulets","2022","2022","tonnes","1.21","A","Chiffre officiel"
"TM","Matrices du commerce détaillées","FRA","France","RUS","Fédération de Russie","5922","Exportations - Valeur","02151","Poulets","2022","2022","1000 US$","113","A","Chiffre officiel"
"TM","Matrices du commerce détaillées","FRA","France","FIN","Finlande","5910","Exportations - Quantité","21121","Viande, poulet, fraîche ou réfrigérée","2022","2022","tonnes","44.5","A","Chiffre officiel"
"TM","Matrices du commerce détaillées","FRA","France","FIN","Finlande","5922","Exportations - Valeur","21121","Viande, poulet, fraîche ou réfrigérée","2022","2022","1000 US$","224","A","Chiffre officiel"
"TM","Matrices du commerce détaillées","FRA","France","GAB","Gabon","5909","Exportations - Quantité","02151","Poulets","2022","2022","1000 têtes","174","A","Chiffre officiel"
"TM","Matrices du commerce détaillées","FRA","France","GAB","Gabon","5910","Exportations - Quantité","02151","Poulets","2022","2022","tonnes","5.37","A","Chiffre officiel"
"TM","Matrices du commerce détaillées","FRA","France","GAB","Gabon","5922","Exportations - Valeur","02151","Poulets","2022","2022","1000 US$","314","A","Chiffre officiel"
"TM","Matrices du commerce détaillées","FRA","France","GAB","Gabon","5910","Exportations - Quantité","21121","Viande, poulet, fraîche ou réfrigérée","2022","2022","tonnes","1515.27","A","Chiffre officiel"
"TM","Matrices du commerce détaillées","FRA","France","GAB","Gabon","5922","Exportations - Valeur","21121","Viande, poulet, fraîche ou réfrigérée","2022","2022","1000 US$","2588","A","Chiffre officiel"
"TM","Matrices du commerce détaillées","FRA","France","GMB","Gambie","5909","Exportations - Quantité","02151","Poulets","2022","2022","1000 têtes","0","A","Chiffre officiel"
"TM","Matrices du commerce détaillées","FRA","France","GMB","Gambie","5910","Exportations - Quantité","02151","Poulets","2022","2022","tonnes","0.02","A","Chiffre officiel"
"TM","Matrices du commerce détaillées","FRA","France","GMB","Gambie","5922","Exportations - Valeur","02151","Poulets","2022","2022","1000 US$","2","A","Chiffre officiel"
"TM","Matrices du commerce détaillées","FRA","France","GMB","Gambie","5910","Exportations - Quantité","21121","Viande, poulet, fraîche ou réfrigérée","2022","2022","tonnes","2.53","A","Chiffre officiel"
"TM","Matrices du commerce détaillées","FRA","France","GMB","Gambie","5922","Exportations - Valeur","21121","Viande, poulet, fraîche ou réfrigérée","2022","2022","1000 US$","6","A","Chiffre officiel"
"TM","Matrices du commerce détaillées","FRA","France","GEO","Géorgie","5909","Exportations - Quantité","02151","Poulets","2022","2022","1000 têtes","5","A","Chiffre officiel"
"TM","Matrices du commerce détaillées","FRA","France","GEO","Géorgie","5910","Exportations - Quantité","02151","Poulets","2022","2022","tonnes","0.22","A","Chiffre officiel"
"TM","Matrices du commerce détaillées","FRA","France","GEO","Géorgie","5922","Exportations - Valeur","02151","Poulets","2022","2022","1000 US$","26","A","Chiffre officiel"
"TM","Matrices du commerce détaillées","FRA","France","GEO","Géorgie","5910","Exportations - Quantité","21121","Viande, poulet, fraîche ou réfrigérée","2022","2022","tonnes","1375.97","A","Chiffre officiel"
"TM","Matrices du commerce détaillées","FRA","France","GEO","Géorgie","5922","Exportations - Valeur","21121","Viande, poulet, fraîche ou réfrigérée","2022","2022","1000 US$","1091","A","Chiffre officiel"
"TM","Matrices du commerce détaillées","FRA","France","GHA","Ghana","5909","Exportations - Quantité","02151","Poulets","2022","2022","1000 têtes","7","A","Chiffre officiel"
"TM","Matrices du commerce détaillées","FRA","France","GHA","Ghana","5910","Exportations - Quantité","02151","Poulets","2022","2022","tonnes","0.29","A","Chiffre officiel"
"TM","Matrices du commerce détaillées","FRA","France","GHA","Ghana","5922","Exportations - Valeur","02151","Poulets","2022","2022","1000 US$","39","A","Chiffre officiel"
"TM","Matrices du commerce détaillées","FRA","France","GHA","Ghana","5910","Exportations - Quantité","21121","Viande, poulet, fraîche ou réfrigérée","2022","2022","tonnes","621.09","A","Chiffre officiel"
"TM","Matrices du commerce détaillées","FRA","France","GHA","Ghana","5922","Exportations - Valeur","21121","Viande, poulet, fraîche ou réfrigérée","2022","2022","1000 US$","460","A","Chiffre officiel"
"TM","Matrices du commerce détaillées","FRA","France","GRC","Grèce","5909","Exportations - Quantité","02151","Poulets","2022","2022","1000 têtes","54","A","Chiffre officiel"
"TM","Matrices du commerce détaillées","FRA","France","GRC","Grèce","5910","Exportations - Quantité","02151","Poulets","2022","2022","tonnes","1.78","A","Chiffre officiel"
"TM","Matrices du commerce détaillées","FRA","France","GRC","Grèce","5922","Exportations - Valeur","02151","Poulets","2022","2022","1000 US$","258","A","Chiffre officiel"
"TM","Matrices du commerce détaillées","FRA","France","GRC","Grèce","5910","Exportations - Quantité","21121","Viande, poulet, fraîche ou réfrigérée","2022","2022","tonnes","723.99","A","Chiffre officiel"
"TM","Matrices du commerce détaillées","FRA","France","GRC","Grèce","5922","Exportations - Valeur","21121","Viande, poulet, fraîche ou réfrigérée","2022","2022","1000 US$","3024","A","Chiffre officiel"
"TM","Matrices du commerce détaillées","FRA","France","GIN","Guinée","5909","Exportations - Quantité","02151","Poulets","2022","2022","1000 têtes","370","A","Chiffre officiel"
"TM","Matrices du commerce détaillées","FRA","France","GIN","Guinée","5910","Exportations - Quantité","02151","Poulets","2022","2022","tonnes","11.53","A","Chiffre officiel"
"TM","Matrices du commerce détaillées","FRA","France","GIN","Guinée","5922","Exportations - Valeur","02151","Poulets","2022","2022","1000 US$","404","A","Chiffre officiel"
"TM","Matrices du commerce détaillées","FRA","France","GIN","Guinée","5910","Exportations - Quantité","21121","Viande, poulet, fraîche ou réfrigérée","2022","2022","tonnes","1215.54","A","Chiffre officiel"
"TM","Matrices du commerce détaillées","FRA","France","GIN","Guinée","5922","Exportations - Valeur","21121","Viande, poulet, fraîche ou réfrigérée","2022","2022","1000 US$","1702","A","Chiffre officiel"
"TM","Matrices du commerce détaillées","FRA","France","GNQ","Guinée équatoriale","5910","Exportations - Quantité","21121","Viande, poulet, fraîche ou réfrigérée","2022","2022","tonnes","256.43","A","Chiffre officiel"
"TM","Matrices du commerce détaillées","FRA","France","GNQ","Guinée équatoriale","5922","Exportations - Valeur","21121","Viande, poulet, fraîche ou réfrigérée","2022","2022","1000 US$","447","A","Chiffre officiel"
"TM","Matrices du commerce détaillées","FRA","France","HUN","Hongrie","5909","Exportations - Quantité","02151","Poulets","2022","2022","1000 têtes","273","A","Chiffre officiel"
"TM","Matrices du commerce détaillées","FRA","France","HUN","Hongrie","5910","Exportations - Quantité","02151","Poulets","2022","2022","tonnes","12.53","A","Chiffre officiel"
"TM","Matrices du commerce détaillées","FRA","France","HUN","Hongrie","5922","Exportations - Valeur","02151","Poulets","2022","2022","1000 US$","6857","A","Chiffre officiel"
"TM","Matrices du commerce détaillées","FRA","France","HUN","Hongrie","5910","Exportations - Quantité","21121","Viande, poulet, fraîche ou réfrigérée","2022","2022","tonnes","911.19","A","Chiffre officiel"
"TM","Matrices du commerce détaillées","FRA","France","HUN","Hongrie","5922","Exportations - Valeur","21121","Viande, poulet, fraîche ou réfrigérée","2022","2022","1000 US$","2059","A","Chiffre officiel"
"TM","Matrices du commerce détaillées","FRA","France","IND","Inde","5909","Exportations - Quantité","02151","Poulets","2022","2022","1000 têtes","36","A","Chiffre officiel"
"TM","Matrices du commerce détaillées","FRA","France","IND","Inde","5910","Exportations - Quantité","02151","Poulets","2022","2022","tonnes","1.42","A","Chiffre officiel"
"TM","Matrices du commerce détaillées","FRA","France","IND","Inde","5922","Exportations - Valeur","02151","Poulets","2022","2022","1000 US$","742","A","Chiffre officiel"
"TM","Matrices du commerce détaillées","FRA","France","IDN","Indonésie","5909","Exportations - Quantité","02151","Poulets","2022","2022","1000 têtes","57","A","Chiffre officiel"
"TM","Matrices du commerce détaillées","FRA","France","IDN","Indonésie","5910","Exportations - Quantité","02151","Poulets","2022","2022","tonnes","2.33","A","Chiffre officiel"
"TM","Matrices du commerce détaillées","FRA","France","IDN","Indonésie","5922","Exportations - Valeur","02151","Poulets","2022","2022","1000 US$","1292","A","Chiffre officiel"
"TM","Matrices du commerce détaillées","FRA","France","IRL","Irlande","5909","Exportations - Quantité","02151","Poulets","2022","2022","1000 têtes","95","A","Chiffre officiel"
"TM","Matrices du commerce détaillées","FRA","France","IRL","Irlande","5910","Exportations - Quantité","02151","Poulets","2022","2022","tonnes","3.96","A","Chiffre officiel"
"TM","Matrices du commerce détaillées","FRA","France","IRL","Irlande","5922","Exportations - Valeur","02151","Poulets","2022","2022","1000 US$","731","A","Chiffre officiel"
"TM","Matrices du commerce détaillées","FRA","France","IRL","Irlande","5910","Exportations - Quantité","21121","Viande, poulet, fraîche ou réfrigérée","2022","2022","tonnes","141.4","A","Chiffre officiel"
"TM","Matrices du commerce détaillées","FRA","France","IRL","Irlande","5922","Exportations - Valeur","21121","Viande, poulet, fraîche ou réfrigérée","2022","2022","1000 US$","565","A","Chiffre officiel"
"TM","Matrices du commerce détaillées","FRA","France","ISL","Islande","5910","Exportations - Quantité","21121","Viande, poulet, fraîche ou réfrigérée","2022","2022","tonnes","20.99","A","Chiffre officiel"
"TM","Matrices du commerce détaillées","FRA","France","ISL","Islande","5922","Exportations - Valeur","21121","Viande, poulet, fraîche ou réfrigérée","2022","2022","1000 US$","77","A","Chiffre officiel"
"TM","Matrices du commerce détaillées","FRA","France","ISR","Israël","5909","Exportations - Quantité","02151","Poulets","2022","2022","1000 têtes","16","A","Chiffre officiel"
"TM","Matrices du commerce détaillées","FRA","France","ISR","Israël","5910","Exportations - Quantité","02151","Poulets","2022","2022","tonnes","0.66","A","Chiffre officiel"
"TM","Matrices du commerce détaillées","FRA","France","ISR","Israël","5922","Exportations - Valeur","02151","Poulets","2022","2022","1000 US$","116","A","Chiffre officiel"
"TM","Matrices du commerce détaillées","FRA","France","ITA","Italie","5909","Exportations - Quantité","02151","Poulets","2022","2022","1000 têtes","4449","A","Chiffre officiel"
"TM","Matrices du commerce détaillées","FRA","France","ITA","Italie","5910","Exportations - Quantité","02151","Poulets","2022","2022","tonnes","1625","A","Chiffre officiel"
"TM","Matrices du commerce détaillées","FRA","France","ITA","Italie","5922","Exportations - Valeur","02151","Poulets","2022","2022","1000 US$","6196","A","Chiffre officiel"
"TM","Matrices du commerce détaillées","FRA","France","ITA","Italie","5910","Exportations - Quantité","21121","Viande, poulet, fraîche ou réfrigérée","2022","2022","tonnes","3962.22","A","Chiffre officiel"
"TM","Matrices du commerce détaillées","FRA","France","ITA","Italie","5922","Exportations - Valeur","21121","Viande, poulet, fraîche ou réfrigérée","2022","2022","1000 US$","8146","A","Chiffre officiel"
"TM","Matrices du commerce détaillées","FRA","France","JPN","Japon","5909","Exportations - Quantité","02151","Poulets","2022","2022","1000 têtes","20","A","Chiffre officiel"
"TM","Matrices du commerce détaillées","FRA","France","JPN","Japon","5910","Exportations - Quantité","02151","Poulets","2022","2022","tonnes","0.9","A","Chiffre officiel"
"TM","Matrices du commerce détaillées","FRA","France","JPN","Japon","5922","Exportations - Valeur","02151","Poulets","2022","2022","1000 US$","192","A","Chiffre officiel"
"TM","Matrices du commerce détaillées","FRA","France","JPN","Japon","5910","Exportations - Quantité","21121","Viande, poulet, fraîche ou réfrigérée","2022","2022","tonnes","71.22","A","Chiffre officiel"
"TM","Matrices du commerce détaillées","FRA","France","JPN","Japon","5922","Exportations - Valeur","21121","Viande, poulet, fraîche ou réfrigérée","2022","2022","1000 US$","406","A","Chiffre officiel"
"TM","Matrices du commerce détaillées","FRA","France","JOR","Jordanie","5909","Exportations - Quantité","02151","Poulets","2022","2022","1000 têtes","134","A","Chiffre officiel"
"TM","Matrices du commerce détaillées","FRA","France","JOR","Jordanie","5910","Exportations - Quantité","02151","Poulets","2022","2022","tonnes","5.66","A","Chiffre officiel"
"TM","Matrices du commerce détaillées","FRA","France","JOR","Jordanie","5922","Exportations - Valeur","02151","Poulets","2022","2022","1000 US$","642","A","Chiffre officiel"
"TM","Matrices du commerce détaillées","FRA","France","KEN","Kenya","5909","Exportations - Quantité","02151","Poulets","2022","2022","1000 têtes","77","A","Chiffre officiel"
"TM","Matrices du commerce détaillées","FRA","France","KEN","Kenya","5910","Exportations - Quantité","02151","Poulets","2022","2022","tonnes","3.11","A","Chiffre officiel"
"TM","Matrices du commerce détaillées","FRA","France","KEN","Kenya","5922","Exportations - Valeur","02151","Poulets","2022","2022","1000 US$","637","A","Chiffre officiel"
"TM","Matrices du commerce détaillées","FRA","France","KWT","Koweït","5910","Exportations - Quantité","21121","Viande, poulet, fraîche ou réfrigérée","2022","2022","tonnes","1476.28","A","Chiffre officiel"
"TM","Matrices du commerce détaillées","FRA","France","KWT","Koweït","5922","Exportations - Valeur","21121","Viande, poulet, fraîche ou réfrigérée","2022","2022","1000 US$","3361","A","Chiffre officiel"
"TM","Matrices du commerce détaillées","FRA","France","LVA","Lettonie","5910","Exportations - Quantité","21121","Viande, poulet, fraîche ou réfrigérée","2022","2022","tonnes","220.98","A","Chiffre officiel"
"TM","Matrices du commerce détaillées","FRA","France","LVA","Lettonie","5922","Exportations - Valeur","21121","Viande, poulet, fraîche ou réfrigérée","2022","2022","1000 US$","926","A","Chiffre officiel"
"TM","Matrices du commerce détaillées","FRA","France","LBN","Liban","5909","Exportations - Quantité","02151","Poulets","2022","2022","1000 têtes","366","A","Chiffre officiel"
"TM","Matrices du commerce détaillées","FRA","France","LBN","Liban","5910","Exportations - Quantité","02151","Poulets","2022","2022","tonnes","15.57","A","Chiffre officiel"
"TM","Matrices du commerce détaillées","FRA","France","LBN","Liban","5922","Exportations - Valeur","02151","Poulets","2022","2022","1000 US$","1541","A","Chiffre officiel"
"TM","Matrices du commerce détaillées","FRA","France","LBN","Liban","5910","Exportations - Quantité","21121","Viande, poulet, fraîche ou réfrigérée","2022","2022","tonnes","8.13","A","Chiffre officiel"
"TM","Matrices du commerce détaillées","FRA","France","LBN","Liban","5922","Exportations - Valeur","21121","Viande, poulet, fraîche ou réfrigérée","2022","2022","1000 US$","20","A","Chiffre officiel"
"TM","Matrices du commerce détaillées","FRA","France","LBR","Libéria","5910","Exportations - Quantité","21121","Viande, poulet, fraîche ou réfrigérée","2022","2022","tonnes","133","A","Chiffre officiel"
"TM","Matrices du commerce détaillées","FRA","France","LBR","Libéria","5922","Exportations - Valeur","21121","Viande, poulet, fraîche ou réfrigérée","2022","2022","1000 US$","132","A","Chiffre officiel"
"TM","Matrices du commerce détaillées","FRA","France","LBY","Libye","5910","Exportations - Quantité","21121","Viande, poulet, fraîche ou réfrigérée","2022","2022","tonnes","286.66","A","Chiffre officiel"
"TM","Matrices du commerce détaillées","FRA","France","LBY","Libye","5922","Exportations - Valeur","21121","Viande, poulet, fraîche ou réfrigérée","2022","2022","1000 US$","653","A","Chiffre officiel"
"TM","Matrices du commerce détaillées","FRA","France","LTU","Lituanie","5910","Exportations - Quantité","21121","Viande, poulet, fraîche ou réfrigérée","2022","2022","tonnes","77.22","A","Chiffre officiel"
"TM","Matrices du commerce détaillées","FRA","France","LTU","Lituanie","5922","Exportations - Valeur","21121","Viande, poulet, fraîche ou réfrigérée","2022","2022","1000 US$","83","A","Chiffre officiel"
"TM","Matrices du commerce détaillées","FRA","France","LUX","Luxembourg","5909","Exportations - Quantité","02151","Poulets","2022","2022","1000 têtes","2","A","Chiffre officiel"
"TM","Matrices du commerce détaillées","FRA","France","LUX","Luxembourg","5910","Exportations - Quantité","02151","Poulets","2022","2022","tonnes","5.4","A","Chiffre officiel"
"TM","Matrices du commerce détaillées","FRA","France","LUX","Luxembourg","5922","Exportations - Valeur","02151","Poulets","2022","2022","1000 US$","8","A","Chiffre officiel"
"TM","Matrices du commerce détaillées","FRA","France","LUX","Luxembourg","5910","Exportations - Quantité","21121","Viande, poulet, fraîche ou réfrigérée","2022","2022","tonnes","1630.1","A","Chiffre officiel"
"TM","Matrices du commerce détaillées","FRA","France","LUX","Luxembourg","5922","Exportations - Valeur","21121","Viande, poulet, fraîche ou réfrigérée","2022","2022","1000 US$","10547","A","Chiffre officiel"
"TM","Matrices du commerce détaillées","FRA","France","MKD","Macédoine du Nord","5910","Exportations - Quantité","21121","Viande, poulet, fraîche ou réfrigérée","2022","2022","tonnes","34.8","A","Chiffre officiel"
"TM","Matrices du commerce détaillées","FRA","France","MKD","Macédoine du Nord","5922","Exportations - Valeur","21121","Viande, poulet, fraîche ou réfrigérée","2022","2022","1000 US$","69","A","Chiffre officiel"
"TM","Matrices du commerce détaillées","FRA","France","MDG","Madagascar","5909","Exportations - Quantité","02151","Poulets","2022","2022","1000 têtes","0","A","Chiffre officiel"
"TM","Matrices du commerce détaillées","FRA","France","MDG","Madagascar","5910","Exportations - Quantité","02151","Poulets","2022","2022","tonnes","0.28","A","Chiffre officiel"
"TM","Matrices du commerce détaillées","FRA","France","MDG","Madagascar","5922","Exportations - Valeur","02151","Poulets","2022","2022","1000 US$","3","A","Chiffre officiel"
"TM","Matrices du commerce détaillées","FRA","France","MDG","Madagascar","5910","Exportations - Quantité","21121","Viande, poulet, fraîche ou réfrigérée","2022","2022","tonnes","0.22","A","Chiffre officiel"
"TM","Matrices du commerce détaillées","FRA","France","MDG","Madagascar","5922","Exportations - Valeur","21121","Viande, poulet, fraîche ou réfrigérée","2022","2022","1000 US$","2","A","Chiffre officiel"
"TM","Matrices du commerce détaillées","FRA","France","MYS","Malaisie","5909","Exportations - Quantité","02151","Poulets","2022","2022","1000 têtes","22","A","Chiffre officiel"
"TM","Matrices du commerce détaillées","FRA","France","MYS","Malaisie","5910","Exportations - Quantité","02151","Poulets","2022","2022","tonnes","0.85","A","Chiffre officiel"
"TM","Matrices du commerce détaillées","FRA","France","MYS","Malaisie","5922","Exportations - Valeur","02151","Poulets","2022","2022","1000 US$","127","A","Chiffre officiel"
"TM","Matrices du commerce détaillées","FRA","France","MYS","Malaisie","5910","Exportations - Quantité","21121","Viande, poulet, fraîche ou réfrigérée","2022","2022","tonnes","25","A","Chiffre officiel"
"TM","Matrices du commerce détaillées","FRA","France","MYS","Malaisie","5922","Exportations - Valeur","21121","Viande, poulet, fraîche ou réfrigérée","2022","2022","1000 US$","47","A","Chiffre officiel"
"TM","Matrices du commerce détaillées","FRA","France","MDV","Maldives","5910","Exportations - Quantité","21121","Viande, poulet, fraîche ou réfrigérée","2022","2022","tonnes","6.13","A","Chiffre officiel"
"TM","Matrices du commerce détaillées","FRA","France","MDV","Maldives","5922","Exportations - Valeur","21121","Viande, poulet, fraîche ou réfrigérée","2022","2022","1000 US$","33","A","Chiffre officiel"
"TM","Matrices du commerce détaillées","FRA","France","MLI","Mali","5909","Exportations - Quantité","02151","Poulets","2022","2022","1000 têtes","1375","A","Chiffre officiel"
"TM","Matrices du commerce détaillées","FRA","France","MLI","Mali","5910","Exportations - Quantité","02151","Poulets","2022","2022","tonnes","48.66","A","Chiffre officiel"
"TM","Matrices du commerce détaillées","FRA","France","MLI","Mali","5922","Exportations - Valeur","02151","Poulets","2022","2022","1000 US$","1430","A","Chiffre officiel"
"TM","Matrices du commerce détaillées","FRA","France","MLI","Mali","5910","Exportations - Quantité","21121","Viande, poulet, fraîche ou réfrigérée","2022","2022","tonnes","26.86","A","Chiffre officiel"
"TM","Matrices du commerce détaillées","FRA","France","MLI","Mali","5922","Exportations - Valeur","21121","Viande, poulet, fraîche ou réfrigérée","2022","2022","1000 US$","228","A","Chiffre officiel"
"TM","Matrices du commerce détaillées","FRA","France","MLT","Malte","5910","Exportations - Quantité","21121","Viande, poulet, fraîche ou réfrigérée","2022","2022","tonnes","3.56","A","Chiffre officiel"
"TM","Matrices du commerce détaillées","FRA","France","MLT","Malte","5922","Exportations - Valeur","21121","Viande, poulet, fraîche ou réfrigérée","2022","2022","1000 US$","25","A","Chiffre officiel"
"TM","Matrices du commerce détaillées","FRA","France","MAR","Maroc","5909","Exportations - Quantité","02151","Poulets","2022","2022","1000 têtes","254","A","Chiffre officiel"
"TM","Matrices du commerce détaillées","FRA","France","MAR","Maroc","5910","Exportations - Quantité","02151","Poulets","2022","2022","tonnes","10.04","A","Chiffre officiel"
"TM","Matrices du commerce détaillées","FRA","France","MAR","Maroc","5922","Exportations - Valeur","02151","Poulets","2022","2022","1000 US$","899","A","Chiffre officiel"
"TM","Matrices du commerce détaillées","FRA","France","MAR","Maroc","5910","Exportations - Quantité","21121","Viande, poulet, fraîche ou réfrigérée","2022","2022","tonnes","0.05","A","Chiffre officiel"
"TM","Matrices du commerce détaillées","FRA","France","MAR","Maroc","5922","Exportations - Valeur","21121","Viande, poulet, fraîche ou réfrigérée","2022","2022","1000 US$","0","A","Chiffre officiel"
"TM","Matrices du commerce détaillées","FRA","France","MUS","Maurice","5909","Exportations - Quantité","02151","Poulets","2022","2022","1000 têtes","72","A","Chiffre officiel"
"TM","Matrices du commerce détaillées","FRA","France","MUS","Maurice","5910","Exportations - Quantité","02151","Poulets","2022","2022","tonnes","2.94","A","Chiffre officiel"
"TM","Matrices du commerce détaillées","FRA","France","MUS","Maurice","5922","Exportations - Valeur","02151","Poulets","2022","2022","1000 US$","496","A","Chiffre officiel"
"TM","Matrices du commerce détaillées","FRA","France","MUS","Maurice","5910","Exportations - Quantité","21121","Viande, poulet, fraîche ou réfrigérée","2022","2022","tonnes","26.02","A","Chiffre officiel"
"TM","Matrices du commerce détaillées","FRA","France","MUS","Maurice","5922","Exportations - Valeur","21121","Viande, poulet, fraîche ou réfrigérée","2022","2022","1000 US$","55","A","Chiffre officiel"
"TM","Matrices du commerce détaillées","FRA","France","MRT","Mauritanie","5910","Exportations - Quantité","21121","Viande, poulet, fraîche ou réfrigérée","2022","2022","tonnes","54.64","A","Chiffre officiel"
"TM","Matrices du commerce détaillées","FRA","France","MRT","Mauritanie","5922","Exportations - Valeur","21121","Viande, poulet, fraîche ou réfrigérée","2022","2022","1000 US$","180","A","Chiffre officiel"
"TM","Matrices du commerce détaillées","FRA","France","MEX","Mexique","5909","Exportations - Quantité","02151","Poulets","2022","2022","1000 têtes","102","A","Chiffre officiel"
"TM","Matrices du commerce détaillées","FRA","France","MEX","Mexique","5910","Exportations - Quantité","02151","Poulets","2022","2022","tonnes","3.88","A","Chiffre officiel"
"TM","Matrices du commerce détaillées","FRA","France","MEX","Mexique","5922","Exportations - Valeur","02151","Poulets","2022","2022","1000 US$","620","A","Chiffre officiel"
"TM","Matrices du commerce détaillées","FRA","France","MOZ","Mozambique","5910","Exportations - Quantité","21121","Viande, poulet, fraîche ou réfrigérée","2022","2022","tonnes","28","A","Chiffre officiel"
"TM","Matrices du commerce détaillées","FRA","France","MOZ","Mozambique","5922","Exportations - Valeur","21121","Viande, poulet, fraîche ou réfrigérée","2022","2022","1000 US$","23","A","Chiffre officiel"
"TM","Matrices du commerce détaillées","FRA","France","NER","Niger","5909","Exportations - Quantité","02151","Poulets","2022","2022","1000 têtes","117","A","Chiffre officiel"
"TM","Matrices du commerce détaillées","FRA","France","NER","Niger","5910","Exportations - Quantité","02151","Poulets","2022","2022","tonnes","2.79","A","Chiffre officiel"
"TM","Matrices du commerce détaillées","FRA","France","NER","Niger","5922","Exportations - Valeur","02151","Poulets","2022","2022","1000 US$","149","A","Chiffre officiel"
"TM","Matrices du commerce détaillées","FRA","France","NER","Niger","5910","Exportations - Quantité","21121","Viande, poulet, fraîche ou réfrigérée","2022","2022","tonnes","643.39","A","Chiffre officiel"
"TM","Matrices du commerce détaillées","FRA","France","NER","Niger","5922","Exportations - Valeur","21121","Viande, poulet, fraîche ou réfrigérée","2022","2022","1000 US$","862","A","Chiffre officiel"
"TM","Matrices du commerce détaillées","FRA","France","NGA","Nigéria","5910","Exportations - Quantité","21121","Viande, poulet, fraîche ou réfrigérée","2022","2022","tonnes","1.08","A","Chiffre officiel"
"TM","Matrices du commerce détaillées","FRA","France","NGA","Nigéria","5922","Exportations - Valeur","21121","Viande, poulet, fraîche ou réfrigérée","2022","2022","1000 US$","15","A","Chiffre officiel"
"TM","Matrices du commerce détaillées","FRA","France","NCL","Nouvelle-Calédonie","5909","Exportations - Quantité","02151","Poulets","2022","2022","1000 têtes","4","A","Chiffre officiel"
"TM","Matrices du commerce détaillées","FRA","France","NCL","Nouvelle-Calédonie","5910","Exportations - Quantité","02151","Poulets","2022","2022","tonnes","0.16","A","Chiffre officiel"
"TM","Matrices du commerce détaillées","FRA","France","NCL","Nouvelle-Calédonie","5922","Exportations - Valeur","02151","Poulets","2022","2022","1000 US$","25","A","Chiffre officiel"
"TM","Matrices du commerce détaillées","FRA","France","NCL","Nouvelle-Calédonie","5910","Exportations - Quantité","21121","Viande, poulet, fraîche ou réfrigérée","2022","2022","tonnes","1151.47","A","Chiffre officiel"
"TM","Matrices du commerce détaillées","FRA","France","NCL","Nouvelle-Calédonie","5922","Exportations - Valeur","21121","Viande, poulet, fraîche ou réfrigérée","2022","2022","1000 US$","3977","A","Chiffre officiel"
"TM","Matrices du commerce détaillées","FRA","France","OMN","Oman","5910","Exportations - Quantité","21121","Viande, poulet, fraîche ou réfrigérée","2022","2022","tonnes","46.77","A","Chiffre officiel"
"TM","Matrices du commerce détaillées","FRA","France","OMN","Oman","5922","Exportations - Valeur","21121","Viande, poulet, fraîche ou réfrigérée","2022","2022","1000 US$","97","A","Chiffre officiel"
"TM","Matrices du commerce détaillées","FRA","France","PAK","Pakistan","5909","Exportations - Quantité","02151","Poulets","2022","2022","1000 têtes","43","A","Chiffre officiel"
"TM","Matrices du commerce détaillées","FRA","France","PAK","Pakistan","5910","Exportations - Quantité","02151","Poulets","2022","2022","tonnes","1.73","A","Chiffre officiel"
"TM","Matrices du commerce détaillées","FRA","France","PAK","Pakistan","5922","Exportations - Valeur","02151","Poulets","2022","2022","1000 US$","1317","A","Chiffre officiel"
"TM","Matrices du commerce détaillées","FRA","France","PAN","Panama","5909","Exportations - Quantité","02151","Poulets","2022","2022","1000 têtes","5","A","Chiffre officiel"
"TM","Matrices du commerce détaillées","FRA","France","PAN","Panama","5910","Exportations - Quantité","02151","Poulets","2022","2022","tonnes","0.18","A","Chiffre officiel"
"TM","Matrices du commerce détaillées","FRA","France","PAN","Panama","5922","Exportations - Valeur","02151","Poulets","2022","2022","1000 US$","26","A","Chiffre officiel"
"TM","Matrices du commerce détaillées","FRA","France","NLD","Pays-Bas (Royaume des)","5909","Exportations - Quantité","02151","Poulets","2022","2022","1000 têtes","3076","A","Chiffre officiel"
"TM","Matrices du commerce détaillées","FRA","France","NLD","Pays-Bas (Royaume des)","5910","Exportations - Quantité","02151","Poulets","2022","2022","tonnes","3205.36","A","Chiffre officiel"
"TM","Matrices du commerce détaillées","FRA","France","NLD","Pays-Bas (Royaume des)","5922","Exportations - Valeur","02151","Poulets","2022","2022","1000 US$","13113","A","Chiffre officiel"
"TM","Matrices du commerce détaillées","FRA","France","NLD","Pays-Bas (Royaume des)","5910","Exportations - Quantité","21121","Viande, poulet, fraîche ou réfrigérée","2022","2022","tonnes","36087.56","A","Chiffre officiel"
"TM","Matrices du commerce détaillées","FRA","France","NLD","Pays-Bas (Royaume des)","5922","Exportations - Valeur","21121","Viande, poulet, fraîche ou réfrigérée","2022","2022","1000 US$","40047","A","Chiffre officiel"
"TM","Matrices du commerce détaillées","FRA","France","PHL","Philippines","5909","Exportations - Quantité","02151","Poulets","2022","2022","1000 têtes","37","A","Chiffre officiel"
"TM","Matrices du commerce détaillées","FRA","France","PHL","Philippines","5910","Exportations - Quantité","02151","Poulets","2022","2022","tonnes","1.46","A","Chiffre officiel"
"TM","Matrices du commerce détaillées","FRA","France","PHL","Philippines","5922","Exportations - Valeur","02151","Poulets","2022","2022","1000 US$","324","A","Chiffre officiel"
"TM","Matrices du commerce détaillées","FRA","France","PHL","Philippines","5910","Exportations - Quantité","21121","Viande, poulet, fraîche ou réfrigérée","2022","2022","tonnes","14.39","A","Chiffre officiel"
"TM","Matrices du commerce détaillées","FRA","France","PHL","Philippines","5922","Exportations - Valeur","21121","Viande, poulet, fraîche ou réfrigérée","2022","2022","1000 US$","114","A","Chiffre officiel"
"TM","Matrices du commerce détaillées","FRA","France","POL","Pologne","5909","Exportations - Quantité","02151","Poulets","2022","2022","1000 têtes","3097","A","Chiffre officiel"
"TM","Matrices du commerce détaillées","FRA","France","POL","Pologne","5910","Exportations - Quantité","02151","Poulets","2022","2022","tonnes","5316.41","A","Chiffre officiel"
"TM","Matrices du commerce détaillées","FRA","France","POL","Pologne","5922","Exportations - Valeur","02151","Poulets","2022","2022","1000 US$","6336","A","Chiffre officiel"
"TM","Matrices du commerce détaillées","FRA","France","POL","Pologne","5910","Exportations - Quantité","21121","Viande, poulet, fraîche ou réfrigérée","2022","2022","tonnes","802.25","A","Chiffre officiel"
"TM","Matrices du commerce détaillées","FRA","France","POL","Pologne","5922","Exportations - Valeur","21121","Viande, poulet, fraîche ou réfrigérée","2022","2022","1000 US$","2533","A","Chiffre officiel"
"TM","Matrices du commerce détaillées","FRA","France","PYF","Polynésie française","5910","Exportations - Quantité","21121","Viande, poulet, fraîche ou réfrigérée","2022","2022","tonnes","340.63","A","Chiffre officiel"
"TM","Matrices du commerce détaillées","FRA","France","PYF","Polynésie française","5922","Exportations - Valeur","21121","Viande, poulet, fraîche ou réfrigérée","2022","2022","1000 US$","1546","A","Chiffre officiel"
"TM","Matrices du commerce détaillées","FRA","France","PRT","Portugal","5909","Exportations - Quantité","02151","Poulets","2022","2022","1000 têtes","400","A","Chiffre officiel"
"TM","Matrices du commerce détaillées","FRA","France","PRT","Portugal","5910","Exportations - Quantité","02151","Poulets","2022","2022","tonnes","16.83","A","Chiffre officiel"
"TM","Matrices du commerce détaillées","FRA","France","PRT","Portugal","5922","Exportations - Valeur","02151","Poulets","2022","2022","1000 US$","1006","A","Chiffre officiel"
"TM","Matrices du commerce détaillées","FRA","France","PRT","Portugal","5910","Exportations - Quantité","21121","Viande, poulet, fraîche ou réfrigérée","2022","2022","tonnes","5162.59","A","Chiffre officiel"
"TM","Matrices du commerce détaillées","FRA","France","PRT","Portugal","5922","Exportations - Valeur","21121","Viande, poulet, fraîche ou réfrigérée","2022","2022","1000 US$","7235","A","Chiffre officiel"
"TM","Matrices du commerce détaillées","FRA","France","QAT","Qatar","5910","Exportations - Quantité","21121","Viande, poulet, fraîche ou réfrigérée","2022","2022","tonnes","194.5","A","Chiffre officiel"
"TM","Matrices du commerce détaillées","FRA","France","QAT","Qatar","5922","Exportations - Valeur","21121","Viande, poulet, fraîche ou réfrigérée","2022","2022","1000 US$","986","A","Chiffre officiel"
"TM","Matrices du commerce détaillées","FRA","France","CAF","République centrafricaine","5910","Exportations - Quantité","21121","Viande, poulet, fraîche ou réfrigérée","2022","2022","tonnes","102.95","A","Chiffre officiel"
"TM","Matrices du commerce détaillées","FRA","France","CAF","République centrafricaine","5922","Exportations - Valeur","21121","Viande, poulet, fraîche ou réfrigérée","2022","2022","1000 US$","87","A","Chiffre officiel"
"TM","Matrices du commerce détaillées","FRA","France","MDA","République de Moldova","5910","Exportations - Quantité","21121","Viande, poulet, fraîche ou réfrigérée","2022","2022","tonnes","266.5","A","Chiffre officiel"
"TM","Matrices du commerce détaillées","FRA","France","MDA","République de Moldova","5922","Exportations - Valeur","21121","Viande, poulet, fraîche ou réfrigérée","2022","2022","1000 US$","158","A","Chiffre officiel"
"TM","Matrices du commerce détaillées","FRA","France","COD","République démocratique du Congo","5909","Exportations - Quantité","02151","Poulets","2022","2022","1000 têtes","10","A","Chiffre officiel"
"TM","Matrices du commerce détaillées","FRA","France","COD","République démocratique du Congo","5910","Exportations - Quantité","02151","Poulets","2022","2022","tonnes","0.4","A","Chiffre officiel"
"TM","Matrices du commerce détaillées","FRA","France","COD","République démocratique du Congo","5922","Exportations - Valeur","02151","Poulets","2022","2022","1000 US$","13","A","Chiffre officiel"
"TM","Matrices du commerce détaillées","FRA","France","COD","République démocratique du Congo","5910","Exportations - Quantité","21121","Viande, poulet, fraîche ou réfrigérée","2022","2022","tonnes","3121.64","A","Chiffre officiel"
"TM","Matrices du commerce détaillées","FRA","France","COD","République démocratique du Congo","5922","Exportations - Valeur","21121","Viande, poulet, fraîche ou réfrigérée","2022","2022","1000 US$","4083","A","Chiffre officiel"
"TM","Matrices du commerce détaillées","FRA","France","DOM","République dominicaine","5910","Exportations - Quantité","21121","Viande, poulet, fraîche ou réfrigérée","2022","2022","tonnes","0.24","A","Chiffre officiel"
"TM","Matrices du commerce détaillées","FRA","France","DOM","République dominicaine","5922","Exportations - Valeur","21121","Viande, poulet, fraîche ou réfrigérée","2022","2022","1000 US$","2","A","Chiffre officiel"
"TM","Matrices du commerce détaillées","FRA","France","ROU","Roumanie","5909","Exportations - Quantité","02151","Poulets","2022","2022","1000 têtes","45","A","Chiffre officiel"
"TM","Matrices du commerce détaillées","FRA","France","ROU","Roumanie","5910","Exportations - Quantité","02151","Poulets","2022","2022","tonnes","24.75","A","Chiffre officiel"
"TM","Matrices du commerce détaillées","FRA","France","ROU","Roumanie","5922","Exportations - Valeur","02151","Poulets","2022","2022","1000 US$","308","A","Chiffre officiel"
"TM","Matrices du commerce détaillées","FRA","France","ROU","Roumanie","5910","Exportations - Quantité","21121","Viande, poulet, fraîche ou réfrigérée","2022","2022","tonnes","2877.49","A","Chiffre officiel"
"TM","Matrices du commerce détaillées","FRA","France","ROU","Roumanie","5922","Exportations - Valeur","21121","Viande, poulet, fraîche ou réfrigérée","2022","2022","1000 US$","5181","A","Chiffre officiel"
"TM","Matrices du commerce détaillées","FRA","France","GBR","Royaume-Uni de Grande-Bretagne et d'Irlande du Nord","5909","Exportations - Quantité","02151","Poulets","2022","2022","1000 têtes","543","A","Chiffre officiel"
"TM","Matrices du commerce détaillées","FRA","France","GBR","Royaume-Uni de Grande-Bretagne et d'Irlande du Nord","5910","Exportations - Quantité","02151","Poulets","2022","2022","tonnes","27.52","A","Chiffre officiel"
"TM","Matrices du commerce détaillées","FRA","France","GBR","Royaume-Uni de Grande-Bretagne et d'Irlande du Nord","5922","Exportations - Valeur","02151","Poulets","2022","2022","1000 US$","2717","A","Chiffre officiel"
"TM","Matrices du commerce détaillées","FRA","France","GBR","Royaume-Uni de Grande-Bretagne et d'Irlande du Nord","5910","Exportations - Quantité","21121","Viande, poulet, fraîche ou réfrigérée","2022","2022","tonnes","8240.97","A","Chiffre officiel"
"TM","Matrices du commerce détaillées","FRA","France","GBR","Royaume-Uni de Grande-Bretagne et d'Irlande du Nord","5922","Exportations - Valeur","21121","Viande, poulet, fraîche ou réfrigérée","2022","2022","1000 US$","35717","A","Chiffre officiel"
"TM","Matrices du commerce détaillées","FRA","France","RWA","Rwanda","5909","Exportations - Quantité","02151","Poulets","2022","2022","1000 têtes","25","A","Chiffre officiel"
"TM","Matrices du commerce détaillées","FRA","France","RWA","Rwanda","5910","Exportations - Quantité","02151","Poulets","2022","2022","tonnes","0.94","A","Chiffre officiel"
"TM","Matrices du commerce détaillées","FRA","France","RWA","Rwanda","5922","Exportations - Valeur","02151","Poulets","2022","2022","1000 US$","143","A","Chiffre officiel"
"TM","Matrices du commerce détaillées","FRA","France","LCA","Sainte-Lucie","5910","Exportations - Quantité","21121","Viande, poulet, fraîche ou réfrigérée","2022","2022","tonnes","0.11","A","Chiffre officiel"
"TM","Matrices du commerce détaillées","FRA","France","LCA","Sainte-Lucie","5922","Exportations - Valeur","21121","Viande, poulet, fraîche ou réfrigérée","2022","2022","1000 US$","4","A","Chiffre officiel"
"TM","Matrices du commerce détaillées","FRA","France","STP","Sao Tomé-et-Principe","5910","Exportations - Quantité","21121","Viande, poulet, fraîche ou réfrigérée","2022","2022","tonnes","75.2","A","Chiffre officiel"
"TM","Matrices du commerce détaillées","FRA","France","STP","Sao Tomé-et-Principe","5922","Exportations - Valeur","21121","Viande, poulet, fraîche ou réfrigérée","2022","2022","1000 US$","96","A","Chiffre officiel"
"TM","Matrices du commerce détaillées","FRA","France","SEN","Sénégal","5909","Exportations - Quantité","02151","Poulets","2022","2022","1000 têtes","199","A","Chiffre officiel"
"TM","Matrices du commerce détaillées","FRA","France","SEN","Sénégal","5910","Exportations - Quantité","02151","Poulets","2022","2022","tonnes","8.45","A","Chiffre officiel"
"TM","Matrices du commerce détaillées","FRA","France","SEN","Sénégal","5922","Exportations - Valeur","02151","Poulets","2022","2022","1000 US$","966","A","Chiffre officiel"
"TM","Matrices du commerce détaillées","FRA","France","SEN","Sénégal","5910","Exportations - Quantité","21121","Viande, poulet, fraîche ou réfrigérée","2022","2022","tonnes","9.41","A","Chiffre officiel"
"TM","Matrices du commerce détaillées","FRA","France","SEN","Sénégal","5922","Exportations - Valeur","21121","Viande, poulet, fraîche ou réfrigérée","2022","2022","1000 US$","82","A","Chiffre officiel"
"TM","Matrices du commerce détaillées","FRA","France","SRB","Serbie","5910","Exportations - Quantité","21121","Viande, poulet, fraîche ou réfrigérée","2022","2022","tonnes","748.74","A","Chiffre officiel"
"TM","Matrices du commerce détaillées","FRA","France","SRB","Serbie","5922","Exportations - Valeur","21121","Viande, poulet, fraîche ou réfrigérée","2022","2022","1000 US$","637","A","Chiffre officiel"
"TM","Matrices du commerce détaillées","FRA","France","SYC","Seychelles","5910","Exportations - Quantité","21121","Viande, poulet, fraîche ou réfrigérée","2022","2022","tonnes","38.23","A","Chiffre officiel"
"TM","Matrices du commerce détaillées","FRA","France","SYC","Seychelles","5922","Exportations - Valeur","21121","Viande, poulet, fraîche ou réfrigérée","2022","2022","1000 US$","79","A","Chiffre officiel"
"TM","Matrices du commerce détaillées","FRA","France","SGP","Singapour","5910","Exportations - Quantité","21121","Viande, poulet, fraîche ou réfrigérée","2022","2022","tonnes","53.13","A","Chiffre officiel"
"TM","Matrices du commerce détaillées","FRA","France","SGP","Singapour","5922","Exportations - Valeur","21121","Viande, poulet, fraîche ou réfrigérée","2022","2022","1000 US$","387","A","Chiffre officiel"
"TM","Matrices du commerce détaillées","FRA","France","SVK","Slovaquie","5910","Exportations - Quantité","21121","Viande, poulet, fraîche ou réfrigérée","2022","2022","tonnes","566.22","A","Chiffre officiel"
"TM","Matrices du commerce détaillées","FRA","France","SVK","Slovaquie","5922","Exportations - Valeur","21121","Viande, poulet, fraîche ou réfrigérée","2022","2022","1000 US$","1911","A","Chiffre officiel"
"TM","Matrices du commerce détaillées","FRA","France","SVN","Slovénie","5910","Exportations - Quantité","21121","Viande, poulet, fraîche ou réfrigérée","2022","2022","tonnes","169.11","A","Chiffre officiel"
"TM","Matrices du commerce détaillées","FRA","France","SVN","Slovénie","5922","Exportations - Valeur","21121","Viande, poulet, fraîche ou réfrigérée","2022","2022","1000 US$","117","A","Chiffre officiel"
"TM","Matrices du commerce détaillées","FRA","France","SWE","Suède","5909","Exportations - Quantité","02151","Poulets","2022","2022","1000 têtes","17","A","Chiffre officiel"
"TM","Matrices du commerce détaillées","FRA","France","SWE","Suède","5910","Exportations - Quantité","02151","Poulets","2022","2022","tonnes","0.88","A","Chiffre officiel"
"TM","Matrices du commerce détaillées","FRA","France","SWE","Suède","5922","Exportations - Valeur","02151","Poulets","2022","2022","1000 US$","90","A","Chiffre officiel"
"TM","Matrices du commerce détaillées","FRA","France","SWE","Suède","5910","Exportations - Quantité","21121","Viande, poulet, fraîche ou réfrigérée","2022","2022","tonnes","338.33","A","Chiffre officiel"
"TM","Matrices du commerce détaillées","FRA","France","SWE","Suède","5922","Exportations - Valeur","21121","Viande, poulet, fraîche ou réfrigérée","2022","2022","1000 US$","1680","A","Chiffre officiel"
"TM","Matrices du commerce détaillées","FRA","France","CHE","Suisse","5909","Exportations - Quantité","02151","Poulets","2022","2022","1000 têtes","91","A","Chiffre officiel"
"TM","Matrices du commerce détaillées","FRA","France","CHE","Suisse","5910","Exportations - Quantité","02151","Poulets","2022","2022","tonnes","4.01","A","Chiffre officiel"
"TM","Matrices du commerce détaillées","FRA","France","CHE","Suisse","5922","Exportations - Valeur","02151","Poulets","2022","2022","1000 US$","240","A","Chiffre officiel"
"TM","Matrices du commerce détaillées","FRA","France","CHE","Suisse","5910","Exportations - Quantité","21121","Viande, poulet, fraîche ou réfrigérée","2022","2022","tonnes","3410","A","Chiffre officiel"
"TM","Matrices du commerce détaillées","FRA","France","CHE","Suisse","5922","Exportations - Valeur","21121","Viande, poulet, fraîche ou réfrigérée","2022","2022","1000 US$","27392","A","Chiffre officiel"
"TM","Matrices du commerce détaillées","FRA","France","SUR","Suriname","5910","Exportations - Quantité","21121","Viande, poulet, fraîche ou réfrigérée","2022","2022","tonnes","35.63","A","Chiffre officiel"
"TM","Matrices du commerce détaillées","FRA","France","SUR","Suriname","5922","Exportations - Valeur","21121","Viande, poulet, fraîche ou réfrigérée","2022","2022","1000 US$","65","A","Chiffre officiel"
"TM","Matrices du commerce détaillées","FRA","France","TCD","Tchad","5910","Exportations - Quantité","21121","Viande, poulet, fraîche ou réfrigérée","2022","2022","tonnes","62.33","A","Chiffre officiel"
"TM","Matrices du commerce détaillées","FRA","France","TCD","Tchad","5922","Exportations - Valeur","21121","Viande, poulet, fraîche ou réfrigérée","2022","2022","1000 US$","125","A","Chiffre officiel"
"TM","Matrices du commerce détaillées","FRA","France","CZE","Tchéquie","5909","Exportations - Quantité","02151","Poulets","2022","2022","1000 têtes","110","A","Chiffre officiel"
"TM","Matrices du commerce détaillées","FRA","France","CZE","Tchéquie","5910","Exportations - Quantité","02151","Poulets","2022","2022","tonnes","4.26","A","Chiffre officiel"
"TM","Matrices du commerce détaillées","FRA","France","CZE","Tchéquie","5922","Exportations - Valeur","02151","Poulets","2022","2022","1000 US$","161","A","Chiffre officiel"
"TM","Matrices du commerce détaillées","FRA","France","CZE","Tchéquie","5910","Exportations - Quantité","21121","Viande, poulet, fraîche ou réfrigérée","2022","2022","tonnes","787.59","A","Chiffre officiel"
"TM","Matrices du commerce détaillées","FRA","France","CZE","Tchéquie","5922","Exportations - Valeur","21121","Viande, poulet, fraîche ou réfrigérée","2022","2022","1000 US$","2743","A","Chiffre officiel"
"TM","Matrices du commerce détaillées","FRA","France","THA","Thaïlande","5909","Exportations - Quantité","02151","Poulets","2022","2022","1000 têtes","187","A","Chiffre officiel"
"TM","Matrices du commerce détaillées","FRA","France","THA","Thaïlande","5910","Exportations - Quantité","02151","Poulets","2022","2022","tonnes","7.5","A","Chiffre officiel"
"TM","Matrices du commerce détaillées","FRA","France","THA","Thaïlande","5922","Exportations - Valeur","02151","Poulets","2022","2022","1000 US$","1098","A","Chiffre officiel"
"TM","Matrices du commerce détaillées","FRA","France","THA","Thaïlande","5910","Exportations - Quantité","21121","Viande, poulet, fraîche ou réfrigérée","2022","2022","tonnes","8.96","A","Chiffre officiel"
"TM","Matrices du commerce détaillées","FRA","France","THA","Thaïlande","5922","Exportations - Valeur","21121","Viande, poulet, fraîche ou réfrigérée","2022","2022","1000 US$","126","A","Chiffre officiel"
"TM","Matrices du commerce détaillées","FRA","France","TGO","Togo","5909","Exportations - Quantité","02151","Poulets","2022","2022","1000 têtes","16","A","Chiffre officiel"
"TM","Matrices du commerce détaillées","FRA","France","TGO","Togo","5910","Exportations - Quantité","02151","Poulets","2022","2022","tonnes","0.84","A","Chiffre officiel"
"TM","Matrices du commerce détaillées","FRA","France","TGO","Togo","5922","Exportations - Valeur","02151","Poulets","2022","2022","1000 US$","46","A","Chiffre officiel"
"TM","Matrices du commerce détaillées","FRA","France","TGO","Togo","5910","Exportations - Quantité","21121","Viande, poulet, fraîche ou réfrigérée","2022","2022","tonnes","1612.91","A","Chiffre officiel"
"TM","Matrices du commerce détaillées","FRA","France","TGO","Togo","5922","Exportations - Valeur","21121","Viande, poulet, fraîche ou réfrigérée","2022","2022","1000 US$","2063","A","Chiffre officiel"
"TM","Matrices du commerce détaillées","FRA","France","TUN","Tunisie","5909","Exportations - Quantité","02151","Poulets","2022","2022","1000 têtes","1069","A","Chiffre officiel"
"TM","Matrices du commerce détaillées","FRA","France","TUN","Tunisie","5910","Exportations - Quantité","02151","Poulets","2022","2022","tonnes","46.36","A","Chiffre officiel"
"TM","Matrices du commerce détaillées","FRA","France","TUN","Tunisie","5922","Exportations - Valeur","02151","Poulets","2022","2022","1000 US$","4128","A","Chiffre officiel"
"TM","Matrices du commerce détaillées","FRA","France","TUR","Turquie","5909","Exportations - Quantité","02151","Poulets","2022","2022","1000 têtes","63","A","Chiffre officiel"
"TM","Matrices du commerce détaillées","FRA","France","TUR","Turquie","5910","Exportations - Quantité","02151","Poulets","2022","2022","tonnes","2.48","A","Chiffre officiel"
"TM","Matrices du commerce détaillées","FRA","France","TUR","Turquie","5922","Exportations - Valeur","02151","Poulets","2022","2022","1000 US$","357","A","Chiffre officiel"
"TM","Matrices du commerce détaillées","FRA","France","UKR","Ukraine","5909","Exportations - Quantité","02151","Poulets","2022","2022","1000 têtes","275","A","Chiffre officiel"
"TM","Matrices du commerce détaillées","FRA","France","UKR","Ukraine","5910","Exportations - Quantité","02151","Poulets","2022","2022","tonnes","11.46","A","Chiffre officiel"
"TM","Matrices du commerce détaillées","FRA","France","UKR","Ukraine","5922","Exportations - Valeur","02151","Poulets","2022","2022","1000 US$","1034","A","Chiffre officiel"
"TM","Matrices du commerce détaillées","FRA","France","UKR","Ukraine","5910","Exportations - Quantité","21121","Viande, poulet, fraîche ou réfrigérée","2022","2022","tonnes","56.16","A","Chiffre officiel"
"TM","Matrices du commerce détaillées","FRA","France","UKR","Ukraine","5922","Exportations - Valeur","21121","Viande, poulet, fraîche ou réfrigérée","2022","2022","1000 US$","157","A","Chiffre officiel"
"TM","Matrices du commerce détaillées","FRA","France","VNM","Viet Nam","5909","Exportations - Quantité","02151","Poulets","2022","2022","1000 têtes","932","A","Chiffre officiel"
"TM","Matrices du commerce détaillées","FRA","France","VNM","Viet Nam","5910","Exportations - Quantité","02151","Poulets","2022","2022","tonnes","38.87","A","Chiffre officiel"
"TM","Matrices du commerce détaillées","FRA","France","VNM","Viet Nam","5922","Exportations - Valeur","02151","Poulets","2022","2022","1000 US$","4526","A","Chiffre officiel"
"TM","Matrices du commerce détaillées","FRA","France","VNM","Viet Nam","5910","Exportations - Quantité","21121","Viande, poulet, fraîche ou réfrigérée","2022","2022","tonnes","209.04","A","Chiffre officiel"
"TM","Matrices du commerce détaillées","FRA","France","VNM","Viet Nam","5922","Exportations - Valeur","21121","Viande, poulet, fraîche ou réfrigérée","2022","2022","1000 US$","234","A","Chiffre officiel"
"TM","Matrices du commerce détaillées","FRA","France","YEM","Yémen","5910","Exportations - Quantité","21121","Viande, poulet, fraîche ou réfrigérée","2022","2022","tonnes","5199.08","A","Chiffre officiel"
"TM","Matrices du commerce détaillées","FRA","France","YEM","Yémen","5922","Exportations - Valeur","21121","Viande, poulet, fraîche ou réfrigérée","2022","2022","1000 US$","11275","A","Chiffre officiel"
"TM","Matrices du commerce détaillées","FRA","France","ZMB","Zambie","5909","Exportations - Quantité","02151","Poulets","2022","2022","1000 têtes","8","A","Chiffre officiel"
"TM","Matrices du commerce détaillées","FRA","France","ZMB","Zambie","5910","Exportations - Quantité","02151","Poulets","2022","2022","tonnes","0.32","A","Chiffre officiel"
"TM","Matrices du commerce détaillées","FRA","France","ZMB","Zambie","5922","Exportations - Valeur","02151","Poulets","2022","2022","1000 US$","49","A","Chiffre officiel"
"TM","Matrices du commerce détaillées","FRA","France","ZWE","Zimbabwe","5909","Exportations - Quantité","02151","Poulets","2022","2022","1000 têtes","12","A","Chiffre officiel"
"TM","Matrices du commerce détaillées","FRA","France","ZWE","Zimbabwe","5910","Exportations - Quantité","02151","Poulets","2022","2022","tonnes","0.44","A","Chiffre officiel"
"TM","Matrices du commerce détaillées","FRA","France","ZWE","Zimbabwe","5922","Exportations - Valeur","02151","Poulets","2022","2022","1000 US$","62","A","Chiffre officiel"
