Code Domaine,Domaine,Code pays déclarant (M49),Pays déclarants,Code pays partenaire (M49),Pays partenaires,Code Élément,Élément,Code Produit (CPC),Produit,Code année,Année,Unité,Valeur,Symbole,Description du Symbole
"TM","Matrices du commerce détaillées","008","Albanie","250","France","5609","Importations - Quantité","02151","Poulets","2022","2022","1000 têtes","6","X","Ciffre de sources internationales"
"TM","Matrices du commerce détaillées","008","Albanie","250","France","5610","Importations - Quantité","02151","Poulets","2022","2022","tonnes","0.24","A","Chiffre officiel"
"TM","Matrices du commerce détaillées","008","Albanie","250","France","5622","Importations - Valeur","02151","Poulets","2022","2022","1000 US$","43","X","Ciffre de sources internationales"
"TM","Matrices du commerce détaillées","008","Albanie","250","France","5610","Importations - Quantité","21121","Viande, poulet, fraîche ou réfrigérée","2022","2022","tonnes","491.3","X","Ciffre de sources internationales"
"TM","Matrices du commerce détaillées","008","Albanie","250","France","5622","Importations - Valeur","21121","Viande, poulet, fraîche ou réfrigérée","2022","2022","1000 US$","643","X","Ciffre de sources internationales"
"TM","Matrices du commerce détaillées","012","Algérie","250","France","5609","Importations - Quantité","02151","Poulets","2022","2022","1000 têtes","236","X","Ciffre de sources internationales"
"TM","Matrices du commerce détaillées","012","Algérie","250","France","5610","Importations - Quantité","02151","Poulets","2022","2022","tonnes","9.52","A","Chiffre officiel"
"TM","Matrices du commerce détaillées","012","Algérie","250","France","5622","Importations - Valeur","02151","Poulets","2022","2022","1000 US$","2136","X","Ciffre de sources internationales"
"TM","Matrices du commerce détaillées","276","Allemagne","250","France","5609","Importations - Quantité","02151","Poulets","2022","2022","1000 têtes","3230","A","Chiffre officiel"
"TM","Matrices du commerce détaillées","276","Allemagne","250","France","5610","Importations - Quantité","02151","Poulets","2022","2022","tonnes","5669.45","A","Chiffre officiel"
"TM","Matrices du commerce détaillées","276","Allemagne","250","France","5622","Importations - Valeur","02151","Poulets","2022","2022","1000 US$","2195","A","Chiffre officiel"
"TM","Matrices du commerce détaillées","276","Allemagne","250","France","5909","Exportations - Quantité","02151","Poulets","2022","2022","1000 têtes","220","A","Chiffre officiel"
"TM","Matrices du commerce détaillées","276","Allemagne","250","France","5910","Exportations - Quantité","02151","Poulets","2022","2022","tonnes","8.92","A","Chiffre officiel"
"TM","Matrices du commerce détaillées","276","Allemagne","250","France","5922","Exportations - Valeur","02151","Poulets","2022","2022","1000 US$","971","A","Chiffre officiel"
"TM","Matrices du commerce détaillées","276","Allemagne","250","France","5610","Importations - Quantité","21121","Viande, poulet, fraîche ou réfrigérée","2022","2022","tonnes","39331.14","A","Chiffre officiel"
"TM","Matrices du commerce détaillées","276","Allemagne","250","France","5622","Importations - Valeur","21121","Viande, poulet, fraîche ou réfrigérée","2022","2022","1000 US$","101334","A","Chiffre officiel"
"TM","Matrices du commerce détaillées","276","Allemagne","250","France","5910","Exportations - Quantité","21121","Viande, poulet, fraîche ou réfrigérée","2022","2022","tonnes","26505.3","A","Chiffre officiel"
"TM","Matrices du commerce détaillées","276","Allemagne","250","France","5922","Exportations - Valeur","21121","Viande, poulet, fraîche ou réfrigérée","2022","2022","1000 US$","116061","A","Chiffre officiel"
"TM","Matrices du commerce détaillées","024","Angola","250","France","5609","Importations - Quantité","02151","Poulets","2022","2022","1000 têtes","0","A","Chiffre officiel"
"TM","Matrices du commerce détaillées","024","Angola","250","France","5610","Importations - Quantité","02151","Poulets","2022","2022","tonnes","0.11","A","Chiffre officiel"
"TM","Matrices du commerce détaillées","024","Angola","250","France","5622","Importations - Valeur","02151","Poulets","2022","2022","1000 US$","43","A","Chiffre officiel"
"TM","Matrices du commerce détaillées","024","Angola","250","France","5610","Importations - Quantité","21121","Viande, poulet, fraîche ou réfrigérée","2022","2022","tonnes","196.62","A","Chiffre officiel"
"TM","Matrices du commerce détaillées","024","Angola","250","France","5622","Importations - Valeur","21121","Viande, poulet, fraîche ou réfrigérée","2022","2022","1000 US$","226","A","Chiffre officiel"
"TM","Matrices du commerce détaillées","028","Antigua-et-Barbuda","250","France","5610","Importations - Quantité","21121","Viande, poulet, fraîche ou réfrigérée","2022","2022","tonnes","54.18","A","Chiffre officiel"
"TM","Matrices du commerce détaillées","028","Antigua-et-Barbuda","250","France","5622","Importations - Valeur","21121","Viande, poulet, fraîche ou réfrigérée","2022","2022","1000 US$","138","A","Chiffre officiel"
"TM","Matrices du commerce détaillées","682","Arabie saoudite","250","France","5609","Importations - Quantité","02151","Poulets","2022","2022","1000 têtes","491","X","Ciffre de sources internationales"
"TM","Matrices du commerce détaillées","682","Arabie saoudite","250","France","5610","Importations - Quantité","02151","Poulets","2022","2022","tonnes","19.65","A","Chiffre officiel"
"TM","Matrices du commerce détaillées","682","Arabie saoudite","250","France","5622","Importations - Valeur","02151","Poulets","2022","2022","1000 US$","3121","X","Ciffre de sources internationales"
"TM","Matrices du commerce détaillées","682","Arabie saoudite","250","France","5610","Importations - Quantité","21121","Viande, poulet, fraîche ou réfrigérée","2022","2022","tonnes","60196.71","X","Ciffre de sources internationales"
"TM","Matrices du commerce détaillées","682","Arabie saoudite","250","France","5622","Importations - Valeur","21121","Viande, poulet, fraîche ou réfrigérée","2022","2022","1000 US$","146554","X","Ciffre de sources internationales"
"TM","Matrices du commerce détaillées","051","Arménie","250","France","5610","Importations - Quantité","21121","Viande, poulet, fraîche ou réfrigérée","2022","2022","tonnes","569.7","A","Chiffre officiel"
"TM","Matrices du commerce détaillées","051","Arménie","250","France","5622","Importations - Valeur","21121","Viande, poulet, fraîche ou réfrigérée","2022","2022","1000 US$","466","A","Chiffre officiel"
"TM","Matrices du commerce détaillées","040","Autriche","250","France","5609","Importations - Quantité","02151","Poulets","2022","2022","1000 têtes","125","A","Chiffre officiel"
"TM","Matrices du commerce détaillées","040","Autriche","250","France","5610","Importations - Quantité","02151","Poulets","2022","2022","tonnes","7.8","A","Chiffre officiel"
"TM","Matrices du commerce détaillées","040","Autriche","250","France","5622","Importations - Valeur","02151","Poulets","2022","2022","1000 US$","780","A","Chiffre officiel"
"TM","Matrices du commerce détaillées","040","Autriche","250","France","5610","Importations - Quantité","21121","Viande, poulet, fraîche ou réfrigérée","2022","2022","tonnes","421.93","A","Chiffre officiel"
"TM","Matrices du commerce détaillées","040","Autriche","250","France","5622","Importations - Valeur","21121","Viande, poulet, fraîche ou réfrigérée","2022","2022","1000 US$","1606","A","Chiffre officiel"
"TM","Matrices du commerce détaillées","040","Autriche","250","France","5910","Exportations - Quantité","21121","Viande, poulet, fraîche ou réfrigérée","2022","2022","tonnes","0","A","Chiffre officiel"
"TM","Matrices du commerce détaillées","040","Autriche","250","France","5922","Exportations - Valeur","21121","Viande, poulet, fraîche ou réfrigérée","2022","2022","1000 US$","0","A","Chiffre officiel"
"TM","Matrices du commerce détaillées","031","Azerbaïdjan","250","France","5610","Importations - Quantité","21121","Viande, poulet, fraîche ou réfrigérée","2022","2022","tonnes","0.63","A","Chiffre officiel"
"TM","Matrices du commerce détaillées","031","Azerbaïdjan","250","France","5622","Importations - Valeur","21121","Viande, poulet, fraîche ou réfrigérée","2022","2022","1000 US$","4","A","Chiffre officiel"
"TM","Matrices du commerce détaillées","048","Bahreïn","250","France","5610","Importations - Quantité","21121","Viande, poulet, fraîche ou réfrigérée","2022","2022","tonnes","393.89","A","Chiffre officiel"
"TM","Matrices du commerce détaillées","048","Bahreïn","250","France","5622","Importations - Valeur","21121","Viande, poulet, fraîche ou réfrigérée","2022","2022","1000 US$","1076","A","Chiffre officiel"
"TM","Matrices du commerce détaillées","050","Bangladesh","250","France","5609","Importations - Quantité","02151","Poulets","2022","2022","1000 têtes","874","X","Ciffre de sources internationales"
"TM","Matrices du commerce détaillées","050","Bangladesh","250","France","5610","Importations - Quantité","02151","Poulets","2022","2022","tonnes","34.62","A","Chiffre officiel"
"TM","Matrices du commerce détaillées","050","Bangladesh","250","France","5622","Importations - Valeur","02151","Poulets","2022","2022","1000 US$","7138","X","Ciffre de sources internationales"
"TM","Matrices du commerce détaillées","052","Barbade","250","France","5610","Importations - Quantité","21121","Viande, poulet, fraîche ou réfrigérée","2022","2022","tonnes","0.56","A","Chiffre officiel"
"TM","Matrices du commerce détaillées","052","Barbade","250","France","5622","Importations - Valeur","21121","Viande, poulet, fraîche ou réfrigérée","2022","2022","1000 US$","16","A","Chiffre officiel"
"TM","Matrices du commerce détaillées","056","Belgique","250","France","5609","Importations - Quantité","02151","Poulets","2022","2022","1000 têtes","65100","A","Chiffre officiel"
"TM","Matrices du commerce détaillées","056","Belgique","250","France","5610","Importations - Quantité","02151","Poulets","2022","2022","tonnes","136932.87","A","Chiffre officiel"
"TM","Matrices du commerce détaillées","056","Belgique","250","France","5622","Importations - Valeur","02151","Poulets","2022","2022","1000 US$","155577","A","Chiffre officiel"
"TM","Matrices du commerce détaillées","056","Belgique","250","France","5909","Exportations - Quantité","02151","Poulets","2022","2022","1000 têtes","24604","A","Chiffre officiel"
"TM","Matrices du commerce détaillées","056","Belgique","250","France","5910","Exportations - Quantité","02151","Poulets","2022","2022","tonnes","2969.8","A","Chiffre officiel"
"TM","Matrices du commerce détaillées","056","Belgique","250","France","5922","Exportations - Valeur","02151","Poulets","2022","2022","1000 US$","13766","A","Chiffre officiel"
"TM","Matrices du commerce détaillées","056","Belgique","250","France","5610","Importations - Quantité","21121","Viande, poulet, fraîche ou réfrigérée","2022","2022","tonnes","27665.96","A","Chiffre officiel"
"TM","Matrices du commerce détaillées","056","Belgique","250","France","5622","Importations - Valeur","21121","Viande, poulet, fraîche ou réfrigérée","2022","2022","1000 US$","69332","A","Chiffre officiel"
"TM","Matrices du commerce détaillées","056","Belgique","250","France","5910","Exportations - Quantité","21121","Viande, poulet, fraîche ou réfrigérée","2022","2022","tonnes","153817.13","A","Chiffre officiel"
"TM","Matrices du commerce détaillées","056","Belgique","250","France","5922","Exportations - Valeur","21121","Viande, poulet, fraîche ou réfrigérée","2022","2022","1000 US$","485241","A","Chiffre officiel"
"TM","Matrices du commerce détaillées","204","Bénin","250","France","5609","Importations - Quantité","02151","Poulets","2022","2022","1000 têtes","2","A","Chiffre officiel"
"TM","Matrices du commerce détaillées","204","Bénin","250","France","5610","Importations - Quantité","02151","Poulets","2022","2022","tonnes","2.09","A","Chiffre officiel"
"TM","Matrices du commerce détaillées","204","Bénin","250","France","5622","Importations - Valeur","02151","Poulets","2022","2022","1000 US$","58","A","Chiffre officiel"
"TM","Matrices du commerce détaillées","204","Bénin","250","France","5610","Importations - Quantité","21121","Viande, poulet, fraîche ou réfrigérée","2022","2022","tonnes","4986.16","A","Chiffre officiel"
"TM","Matrices du commerce détaillées","204","Bénin","250","France","5622","Importations - Valeur","21121","Viande, poulet, fraîche ou réfrigérée","2022","2022","1000 US$","4094","A","Chiffre officiel"
"TM","Matrices du commerce détaillées","204","Bénin","250","France","5910","Exportations - Quantité","21121","Viande, poulet, fraîche ou réfrigérée","2022","2022","tonnes","6.24","A","Chiffre officiel"
"TM","Matrices du commerce détaillées","204","Bénin","250","France","5922","Exportations - Valeur","21121","Viande, poulet, fraîche ou réfrigérée","2022","2022","1000 US$","27","A","Chiffre officiel"
"TM","Matrices du commerce détaillées","076","Brésil","250","France","5910","Exportations - Quantité","21121","Viande, poulet, fraîche ou réfrigérée","2022","2022","tonnes","1809.89","A","Chiffre officiel"
"TM","Matrices du commerce détaillées","076","Brésil","250","France","5922","Exportations - Valeur","21121","Viande, poulet, fraîche ou réfrigérée","2022","2022","1000 US$","5076","A","Chiffre officiel"
"TM","Matrices du commerce détaillées","100","Bulgarie","250","France","5609","Importations - Quantité","02151","Poulets","2022","2022","1000 têtes","13","A","Chiffre officiel"
"TM","Matrices du commerce détaillées","100","Bulgarie","250","France","5610","Importations - Quantité","02151","Poulets","2022","2022","tonnes","0.5","A","Chiffre officiel"
"TM","Matrices du commerce détaillées","100","Bulgarie","250","France","5622","Importations - Valeur","02151","Poulets","2022","2022","1000 US$","83","A","Chiffre officiel"
"TM","Matrices du commerce détaillées","100","Bulgarie","250","France","5610","Importations - Quantité","21121","Viande, poulet, fraîche ou réfrigérée","2022","2022","tonnes","689.55","A","Chiffre officiel"
"TM","Matrices du commerce détaillées","100","Bulgarie","250","France","5622","Importations - Valeur","21121","Viande, poulet, fraîche ou réfrigérée","2022","2022","1000 US$","942","A","Chiffre officiel"
"TM","Matrices du commerce détaillées","100","Bulgarie","250","France","5910","Exportations - Quantité","21121","Viande, poulet, fraîche ou réfrigérée","2022","2022","tonnes","69.48","A","Chiffre officiel"
"TM","Matrices du commerce détaillées","100","Bulgarie","250","France","5922","Exportations - Valeur","21121","Viande, poulet, fraîche ou réfrigérée","2022","2022","1000 US$","122","A","Chiffre officiel"
"TM","Matrices du commerce détaillées","854","Burkina Faso","250","France","5609","Importations - Quantité","02151","Poulets","2022","2022","1000 têtes","74","A","Chiffre officiel"
"TM","Matrices du commerce détaillées","854","Burkina Faso","250","France","5610","Importations - Quantité","02151","Poulets","2022","2022","tonnes","4.45","A","Chiffre officiel"
"TM","Matrices du commerce détaillées","854","Burkina Faso","250","France","5622","Importations - Valeur","02151","Poulets","2022","2022","1000 US$","229","A","Chiffre officiel"
"TM","Matrices du commerce détaillées","854","Burkina Faso","250","France","5610","Importations - Quantité","21121","Viande, poulet, fraîche ou réfrigérée","2022","2022","tonnes","11.69","A","Chiffre officiel"
"TM","Matrices du commerce détaillées","854","Burkina Faso","250","France","5622","Importations - Valeur","21121","Viande, poulet, fraîche ou réfrigérée","2022","2022","1000 US$","46","A","Chiffre officiel"
"TM","Matrices du commerce détaillées","108","Burundi","250","France","5609","Importations - Quantité","02151","Poulets","2022","2022","1000 têtes","0","A","Chiffre officiel"
"TM","Matrices du commerce détaillées","108","Burundi","250","France","5610","Importations - Quantité","02151","Poulets","2022","2022","tonnes","0.2","A","Chiffre officiel"
"TM","Matrices du commerce détaillées","108","Burundi","250","France","5622","Importations - Valeur","02151","Poulets","2022","2022","1000 US$","38","A","Chiffre officiel"
"TM","Matrices du commerce détaillées","132","Cabo Verde","250","France","5610","Importations - Quantité","21121","Viande, poulet, fraîche ou réfrigérée","2022","2022","tonnes","322.75","A","Chiffre officiel"
"TM","Matrices du commerce détaillées","132","Cabo Verde","250","France","5622","Importations - Valeur","21121","Viande, poulet, fraîche ou réfrigérée","2022","2022","1000 US$","486","A","Chiffre officiel"
"TM","Matrices du commerce détaillées","116","Cambodge","250","France","5610","Importations - Quantité","21121","Viande, poulet, fraîche ou réfrigérée","2022","2022","tonnes","0.55","A","Chiffre officiel"
"TM","Matrices du commerce détaillées","116","Cambodge","250","France","5622","Importations - Valeur","21121","Viande, poulet, fraîche ou réfrigérée","2022","2022","1000 US$","4","A","Chiffre officiel"
"TM","Matrices du commerce détaillées","120","Cameroun","250","France","5609","Importations - Quantité","02151","Poulets","2022","2022","1000 têtes","265","X","Ciffre de sources internationales"
"TM","Matrices du commerce détaillées","120","Cameroun","250","France","5610","Importations - Quantité","02151","Poulets","2022","2022","tonnes","10.95","A","Chiffre officiel"
"TM","Matrices du commerce détaillées","120","Cameroun","250","France","5622","Importations - Valeur","02151","Poulets","2022","2022","1000 US$","1280","X","Ciffre de sources internationales"
"TM","Matrices du commerce détaillées","120","Cameroun","250","France","5610","Importations - Quantité","21121","Viande, poulet, fraîche ou réfrigérée","2022","2022","tonnes","165.33","X","Ciffre de sources internationales"
"TM","Matrices du commerce détaillées","120","Cameroun","250","France","5622","Importations - Valeur","21121","Viande, poulet, fraîche ou réfrigérée","2022","2022","1000 US$","443","X","Ciffre de sources internationales"
"TM","Matrices du commerce détaillées","124","Canada","250","France","5609","Importations - Quantité","02151","Poulets","2022","2022","1000 têtes","37","A","Chiffre officiel"
"TM","Matrices du commerce détaillées","124","Canada","250","France","5610","Importations - Quantité","02151","Poulets","2022","2022","tonnes","0","A","Chiffre officiel"
"TM","Matrices du commerce détaillées","124","Canada","250","France","5622","Importations - Valeur","02151","Poulets","2022","2022","1000 US$","229","A","Chiffre officiel"
"TM","Matrices du commerce détaillées","124","Canada","250","France","5610","Importations - Quantité","21121","Viande, poulet, fraîche ou réfrigérée","2022","2022","tonnes","2","A","Chiffre officiel"
"TM","Matrices du commerce détaillées","124","Canada","250","France","5622","Importations - Valeur","21121","Viande, poulet, fraîche ou réfrigérée","2022","2022","1000 US$","15","A","Chiffre officiel"
"TM","Matrices du commerce détaillées","124","Canada","250","France","5910","Exportations - Quantité","21121","Viande, poulet, fraîche ou réfrigérée","2022","2022","tonnes","52.05","A","Chiffre officiel"
"TM","Matrices du commerce détaillées","124","Canada","250","France","5922","Exportations - Valeur","21121","Viande, poulet, fraîche ou réfrigérée","2022","2022","1000 US$","170","A","Chiffre officiel"
"TM","Matrices du commerce détaillées","344","Chine - RAS de Hong-Kong","250","France","5610","Importations - Quantité","21121","Viande, poulet, fraîche ou réfrigérée","2022","2022","tonnes","865.12","A","Chiffre officiel"
"TM","Matrices du commerce détaillées","344","Chine - RAS de Hong-Kong","250","France","5622","Importations - Valeur","21121","Viande, poulet, fraîche ou réfrigérée","2022","2022","1000 US$","3371","A","Chiffre officiel"
"TM","Matrices du commerce détaillées","446","Chine - RAS de Macao","250","France","5610","Importations - Quantité","21121","Viande, poulet, fraîche ou réfrigérée","2022","2022","tonnes","25.89","A","Chiffre officiel"
"TM","Matrices du commerce détaillées","446","Chine - RAS de Macao","250","France","5622","Importations - Valeur","21121","Viande, poulet, fraîche ou réfrigérée","2022","2022","1000 US$","171","A","Chiffre officiel"
"TM","Matrices du commerce détaillées","158","Chine, Taiwan Province de","250","France","5609","Importations - Quantité","02151","Poulets","2022","2022","1000 têtes","54","I","Valeur imputée"
"TM","Matrices du commerce détaillées","158","Chine, Taiwan Province de","250","France","5610","Importations - Quantité","02151","Poulets","2022","2022","tonnes","3.77","A","Chiffre officiel"
"TM","Matrices du commerce détaillées","158","Chine, Taiwan Province de","250","France","5622","Importations - Valeur","02151","Poulets","2022","2022","1000 US$","754","A","Chiffre officiel"
"TM","Matrices du commerce détaillées","196","Chypre","250","France","5610","Importations - Quantité","21121","Viande, poulet, fraîche ou réfrigérée","2022","2022","tonnes","53.45","A","Chiffre officiel"
"TM","Matrices du commerce détaillées","196","Chypre","250","France","5622","Importations - Valeur","21121","Viande, poulet, fraîche ou réfrigérée","2022","2022","1000 US$","198","A","Chiffre officiel"
"TM","Matrices du commerce détaillées","174","Comores","250","France","5610","Importations - Quantité","21121","Viande, poulet, fraîche ou réfrigérée","2022","2022","tonnes","941.46","X","Ciffre de sources internationales"
"TM","Matrices du commerce détaillées","174","Comores","250","France","5622","Importations - Valeur","21121","Viande, poulet, fraîche ou réfrigérée","2022","2022","1000 US$","1574","X","Ciffre de sources internationales"
"TM","Matrices du commerce détaillées","178","Congo","250","France","5609","Importations - Quantité","02151","Poulets","2022","2022","1000 têtes","367","X","Ciffre de sources internationales"
"TM","Matrices du commerce détaillées","178","Congo","250","France","5610","Importations - Quantité","02151","Poulets","2022","2022","tonnes","10.99","A","Chiffre officiel"
"TM","Matrices du commerce détaillées","178","Congo","250","France","5622","Importations - Valeur","02151","Poulets","2022","2022","1000 US$","470","X","Ciffre de sources internationales"
"TM","Matrices du commerce détaillées","178","Congo","250","France","5610","Importations - Quantité","21121","Viande, poulet, fraîche ou réfrigérée","2022","2022","tonnes","2974.74","X","Ciffre de sources internationales"
"TM","Matrices du commerce détaillées","178","Congo","250","France","5622","Importations - Valeur","21121","Viande, poulet, fraîche ou réfrigérée","2022","2022","1000 US$","4708","X","Ciffre de sources internationales"
"TM","Matrices du commerce détaillées","384","Côte d'Ivoire","250","France","5609","Importations - Quantité","02151","Poulets","2022","2022","1000 têtes","125","A","Chiffre officiel"
"TM","Matrices du commerce détaillées","384","Côte d'Ivoire","250","France","5610","Importations - Quantité","02151","Poulets","2022","2022","tonnes","7.49","A","Chiffre officiel"
"TM","Matrices du commerce détaillées","384","Côte d'Ivoire","250","France","5622","Importations - Valeur","02151","Poulets","2022","2022","1000 US$","536","A","Chiffre officiel"
"TM","Matrices du commerce détaillées","384","Côte d'Ivoire","250","France","5610","Importations - Quantité","21121","Viande, poulet, fraîche ou réfrigérée","2022","2022","tonnes","24.62","A","Chiffre officiel"
"TM","Matrices du commerce détaillées","384","Côte d'Ivoire","250","France","5622","Importations - Valeur","21121","Viande, poulet, fraîche ou réfrigérée","2022","2022","1000 US$","84","A","Chiffre officiel"
"TM","Matrices du commerce détaillées","191","Croatie","250","France","5610","Importations - Quantité","21121","Viande, poulet, fraîche ou réfrigérée","2022","2022","tonnes","121.63","A","Chiffre officiel"
"TM","Matrices du commerce détaillées","191","Croatie","250","France","5622","Importations - Valeur","21121","Viande, poulet, fraîche ou réfrigérée","2022","2022","1000 US$","114","A","Chiffre officiel"
"TM","Matrices du commerce détaillées","208","Danemark","250","France","5609","Importations - Quantité","02151","Poulets","2022","2022","1000 têtes","112","A","Chiffre officiel"
"TM","Matrices du commerce détaillées","208","Danemark","250","France","5610","Importations - Quantité","02151","Poulets","2022","2022","tonnes","4.42","A","Chiffre officiel"
"TM","Matrices du commerce détaillées","208","Danemark","250","France","5622","Importations - Valeur","02151","Poulets","2022","2022","1000 US$","479","A","Chiffre officiel"
"TM","Matrices du commerce détaillées","208","Danemark","250","France","5909","Exportations - Quantité","02151","Poulets","2022","2022","1000 têtes","262","A","Chiffre officiel"
"TM","Matrices du commerce détaillées","208","Danemark","250","France","5910","Exportations - Quantité","02151","Poulets","2022","2022","tonnes","85.21","A","Chiffre officiel"
"TM","Matrices du commerce détaillées","208","Danemark","250","France","5922","Exportations - Valeur","02151","Poulets","2022","2022","1000 US$","971","A","Chiffre officiel"
"TM","Matrices du commerce détaillées","208","Danemark","250","France","5610","Importations - Quantité","21121","Viande, poulet, fraîche ou réfrigérée","2022","2022","tonnes","2300.07","A","Chiffre officiel"
"TM","Matrices du commerce détaillées","208","Danemark","250","France","5622","Importations - Valeur","21121","Viande, poulet, fraîche ou réfrigérée","2022","2022","1000 US$","11037","A","Chiffre officiel"
"TM","Matrices du commerce détaillées","208","Danemark","250","France","5910","Exportations - Quantité","21121","Viande, poulet, fraîche ou réfrigérée","2022","2022","tonnes","250.19","A","Chiffre officiel"
"TM","Matrices du commerce détaillées","208","Danemark","250","France","5922","Exportations - Valeur","21121","Viande, poulet, fraîche ou réfrigérée","2022","2022","1000 US$","625","A","Chiffre officiel"
"TM","Matrices du commerce détaillées","262","Djibouti","250","France","5610","Importations - Quantité","21121","Viande, poulet, fraîche ou réfrigérée","2022","2022","tonnes","35.58","X","Ciffre de sources internationales"
"TM","Matrices du commerce détaillées","262","Djibouti","250","France","5622","Importations - Valeur","21121","Viande, poulet, fraîche ou réfrigérée","2022","2022","1000 US$","159","X","Ciffre de sources internationales"
"TM","Matrices du commerce détaillées","818","Égypte","250","France","5609","Importations - Quantité","02151","Poulets","2022","2022","1000 têtes","315","I","Valeur imputée"
"TM","Matrices du commerce détaillées","818","Égypte","250","France","5610","Importations - Quantité","02151","Poulets","2022","2022","tonnes","0","A","Chiffre officiel"
"TM","Matrices du commerce détaillées","818","Égypte","250","France","5622","Importations - Valeur","02151","Poulets","2022","2022","1000 US$","3121","A","Chiffre officiel"
"TM","Matrices du commerce détaillées","784","Émirats arabes unis","250","France","5610","Importations - Quantité","21121","Viande, poulet, fraîche ou réfrigérée","2022","2022","tonnes","6571.68","A","Chiffre officiel"
"TM","Matrices du commerce détaillées","784","Émirats arabes unis","250","France","5622","Importations - Valeur","21121","Viande, poulet, fraîche ou réfrigérée","2022","2022","1000 US$","15757","A","Chiffre officiel"
"TM","Matrices du commerce détaillées","724","Espagne","250","France","5609","Importations - Quantité","02151","Poulets","2022","2022","1000 têtes","2291","A","Chiffre officiel"
"TM","Matrices du commerce détaillées","724","Espagne","250","France","5610","Importations - Quantité","02151","Poulets","2022","2022","tonnes","512.73","A","Chiffre officiel"
"TM","Matrices du commerce détaillées","724","Espagne","250","France","5622","Importations - Valeur","02151","Poulets","2022","2022","1000 US$","15697","A","Chiffre officiel"
"TM","Matrices du commerce détaillées","724","Espagne","250","France","5909","Exportations - Quantité","02151","Poulets","2022","2022","1000 têtes","1794","A","Chiffre officiel"
"TM","Matrices du commerce détaillées","724","Espagne","250","France","5910","Exportations - Quantité","02151","Poulets","2022","2022","tonnes","1075.99","A","Chiffre officiel"
"TM","Matrices du commerce détaillées","724","Espagne","250","France","5922","Exportations - Valeur","02151","Poulets","2022","2022","1000 US$","7060","A","Chiffre officiel"
"TM","Matrices du commerce détaillées","724","Espagne","250","France","5610","Importations - Quantité","21121","Viande, poulet, fraîche ou réfrigérée","2022","2022","tonnes","11138.6","A","Chiffre officiel"
"TM","Matrices du commerce détaillées","724","Espagne","250","France","5622","Importations - Valeur","21121","Viande, poulet, fraîche ou réfrigérée","2022","2022","1000 US$","23047","A","Chiffre officiel"
"TM","Matrices du commerce détaillées","724","Espagne","250","France","5910","Exportations - Quantité","21121","Viande, poulet, fraîche ou réfrigérée","2022","2022","tonnes","38811.18","A","Chiffre officiel"
"TM","Matrices du commerce détaillées","724","Espagne","250","France","5922","Exportations - Valeur","21121","Viande, poulet, fraîche ou réfrigérée","2022","2022","1000 US$","125643","A","Chiffre officiel"
"TM","Matrices du commerce détaillées","233","Estonie","250","France","5610","Importations - Quantité","21121","Viande, poulet, fraîche ou réfrigérée","2022","2022","tonnes","7.03","A","Chiffre officiel"
"TM","Matrices du commerce détaillées","233","Estonie","250","France","5622","Importations - Valeur","21121","Viande, poulet, fraîche ou réfrigérée","2022","2022","1000 US$","28","A","Chiffre officiel"
"TM","Matrices du commerce détaillées","840","États-Unis d'Amérique","250","France","5909","Exportations - Quantité","02151","Poulets","2022","2022","1000 têtes","6","A","Chiffre officiel"
"TM","Matrices du commerce détaillées","840","États-Unis d'Amérique","250","France","5910","Exportations - Quantité","02151","Poulets","2022","2022","tonnes","0","A","Chiffre officiel"
"TM","Matrices du commerce détaillées","840","États-Unis d'Amérique","250","France","5922","Exportations - Valeur","02151","Poulets","2022","2022","1000 US$","7","A","Chiffre officiel"
"TM","Matrices du commerce détaillées","840","États-Unis d'Amérique","250","France","5910","Exportations - Quantité","21121","Viande, poulet, fraîche ou réfrigérée","2022","2022","tonnes","375.45","A","Chiffre officiel"
"TM","Matrices du commerce détaillées","840","États-Unis d'Amérique","250","France","5922","Exportations - Valeur","21121","Viande, poulet, fraîche ou réfrigérée","2022","2022","1000 US$","470","A","Chiffre officiel"
"TM","Matrices du commerce détaillées","231","Éthiopie","250","France","5610","Importations - Quantité","21121","Viande, poulet, fraîche ou réfrigérée","2022","2022","tonnes","32.43","A","Chiffre officiel"
"TM","Matrices du commerce détaillées","231","Éthiopie","250","France","5622","Importations - Valeur","21121","Viande, poulet, fraîche ou réfrigérée","2022","2022","1000 US$","39","A","Chiffre officiel"
"TM","Matrices du commerce détaillées","643","Fédération de Russie","250","France","5609","Importations - Quantité","02151","Poulets","2022","2022","1000 têtes","29","X","Ciffre de sources internationales"
"TM","Matrices du commerce détaillées","643","Fédération de Russie","250","France","5610","Importations - Quantité","02151","Poulets","2022","2022","tonnes","1.21","A","Chiffre officiel"
"TM","Matrices du commerce détaillées","643","Fédération de Russie","250","France","5622","Importations - Valeur","02151","Poulets","2022","2022","1000 US$","126","X","Ciffre de sources internationales"
"TM","Matrices du commerce détaillées","246","Finlande","250","France","5610","Importations - Quantité","21121","Viande, poulet, fraîche ou réfrigérée","2022","2022","tonnes","45.82","A","Chiffre officiel"
"TM","Matrices du commerce détaillées","246","Finlande","250","France","5622","Importations - Valeur","21121","Viande, poulet, fraîche ou réfrigérée","2022","2022","1000 US$","184","A","Chiffre officiel"
"TM","Matrices du commerce détaillées","246","Finlande","250","France","5910","Exportations - Quantité","21121","Viande, poulet, fraîche ou réfrigérée","2022","2022","tonnes","622.24","A","Chiffre officiel"
"TM","Matrices du commerce détaillées","246","Finlande","250","France","5922","Exportations - Valeur","21121","Viande, poulet, fraîche ou réfrigérée","2022","2022","1000 US$","980","A","Chiffre officiel"
"TM","Matrices du commerce détaillées","266","Gabon","250","France","5609","Importations - Quantité","02151","Poulets","2022","2022","1000 têtes","174","X","Ciffre de sources internationales"
"TM","Matrices du commerce détaillées","266","Gabon","250","France","5610","Importations - Quantité","02151","Poulets","2022","2022","tonnes","5.37","A","Chiffre officiel"
"TM","Matrices du commerce détaillées","266","Gabon","250","France","5622","Importations - Valeur","02151","Poulets","2022","2022","1000 US$","351","X","Ciffre de sources internationales"
"TM","Matrices du commerce détaillées","266","Gabon","250","France","5610","Importations - Quantité","21121","Viande, poulet, fraîche ou réfrigérée","2022","2022","tonnes","1515.27","X","Ciffre de sources internationales"
"TM","Matrices du commerce détaillées","266","Gabon","250","France","5622","Importations - Valeur","21121","Viande, poulet, fraîche ou réfrigérée","2022","2022","1000 US$","2898","X","Ciffre de sources internationales"
"TM","Matrices du commerce détaillées","270","Gambie","250","France","5609","Importations - Quantité","02151","Poulets","2022","2022","1000 têtes","0","X","Ciffre de sources internationales"
"TM","Matrices du commerce détaillées","270","Gambie","250","France","5610","Importations - Quantité","02151","Poulets","2022","2022","tonnes","0.02","A","Chiffre officiel"
"TM","Matrices du commerce détaillées","270","Gambie","250","France","5622","Importations - Valeur","02151","Poulets","2022","2022","1000 US$","3","X","Ciffre de sources internationales"
"TM","Matrices du commerce détaillées","270","Gambie","250","France","5610","Importations - Quantité","21121","Viande, poulet, fraîche ou réfrigérée","2022","2022","tonnes","2.53","X","Ciffre de sources internationales"
"TM","Matrices du commerce détaillées","270","Gambie","250","France","5622","Importations - Valeur","21121","Viande, poulet, fraîche ou réfrigérée","2022","2022","1000 US$","6","X","Ciffre de sources internationales"
"TM","Matrices du commerce détaillées","268","Géorgie","250","France","5609","Importations - Quantité","02151","Poulets","2022","2022","1000 têtes","3","A","Chiffre officiel"
"TM","Matrices du commerce détaillées","268","Géorgie","250","France","5610","Importations - Quantité","02151","Poulets","2022","2022","tonnes","2.31","A","Chiffre officiel"
"TM","Matrices du commerce détaillées","268","Géorgie","250","France","5622","Importations - Valeur","02151","Poulets","2022","2022","1000 US$","85","A","Chiffre officiel"
"TM","Matrices du commerce détaillées","268","Géorgie","250","France","5610","Importations - Quantité","21121","Viande, poulet, fraîche ou réfrigérée","2022","2022","tonnes","1182.48","A","Chiffre officiel"
"TM","Matrices du commerce détaillées","268","Géorgie","250","France","5622","Importations - Valeur","21121","Viande, poulet, fraîche ou réfrigérée","2022","2022","1000 US$","1541","A","Chiffre officiel"
"TM","Matrices du commerce détaillées","288","Ghana","250","France","5609","Importations - Quantité","02151","Poulets","2022","2022","1000 têtes","7","X","Ciffre de sources internationales"
"TM","Matrices du commerce détaillées","288","Ghana","250","France","5610","Importations - Quantité","02151","Poulets","2022","2022","tonnes","0.29","A","Chiffre officiel"
"TM","Matrices du commerce détaillées","288","Ghana","250","France","5622","Importations - Valeur","02151","Poulets","2022","2022","1000 US$","44","X","Ciffre de sources internationales"
"TM","Matrices du commerce détaillées","288","Ghana","250","France","5610","Importations - Quantité","21121","Viande, poulet, fraîche ou réfrigérée","2022","2022","tonnes","621.09","X","Ciffre de sources internationales"
"TM","Matrices du commerce détaillées","288","Ghana","250","France","5622","Importations - Valeur","21121","Viande, poulet, fraîche ou réfrigérée","2022","2022","1000 US$","516","X","Ciffre de sources internationales"
"TM","Matrices du commerce détaillées","300","Grèce","250","France","5609","Importations - Quantité","02151","Poulets","2022","2022","1000 têtes","38","A","Chiffre officiel"
"TM","Matrices du commerce détaillées","300","Grèce","250","France","5610","Importations - Quantité","02151","Poulets","2022","2022","tonnes","1.83","A","Chiffre officiel"
"TM","Matrices du commerce détaillées","300","Grèce","250","France","5622","Importations - Valeur","02151","Poulets","2022","2022","1000 US$","216","A","Chiffre officiel"
"TM","Matrices du commerce détaillées","300","Grèce","250","France","5610","Importations - Quantité","21121","Viande, poulet, fraîche ou réfrigérée","2022","2022","tonnes","1187.7","A","Chiffre officiel"
"TM","Matrices du commerce détaillées","300","Grèce","250","France","5622","Importations - Valeur","21121","Viande, poulet, fraîche ou réfrigérée","2022","2022","1000 US$","4930","A","Chiffre officiel"
"TM","Matrices du commerce détaillées","300","Grèce","250","France","5910","Exportations - Quantité","21121","Viande, poulet, fraîche ou réfrigérée","2022","2022","tonnes","5.66","A","Chiffre officiel"
"TM","Matrices du commerce détaillées","300","Grèce","250","France","5922","Exportations - Valeur","21121","Viande, poulet, fraîche ou réfrigérée","2022","2022","1000 US$","48","A","Chiffre officiel"
"TM","Matrices du commerce détaillées","308","Grenade","250","France","5610","Importations - Quantité","21121","Viande, poulet, fraîche ou réfrigérée","2022","2022","tonnes","0.02","A","Chiffre officiel"
"TM","Matrices du commerce détaillées","308","Grenade","250","France","5622","Importations - Valeur","21121","Viande, poulet, fraîche ou réfrigérée","2022","2022","1000 US$","1","A","Chiffre officiel"
"TM","Matrices du commerce détaillées","324","Guinée","250","France","5609","Importations - Quantité","02151","Poulets","2022","2022","1000 têtes","370","X","Ciffre de sources internationales"
"TM","Matrices du commerce détaillées","324","Guinée","250","France","5610","Importations - Quantité","02151","Poulets","2022","2022","tonnes","11.53","A","Chiffre officiel"
"TM","Matrices du commerce détaillées","324","Guinée","250","France","5622","Importations - Valeur","02151","Poulets","2022","2022","1000 US$","452","X","Ciffre de sources internationales"
"TM","Matrices du commerce détaillées","324","Guinée","250","France","5610","Importations - Quantité","21121","Viande, poulet, fraîche ou réfrigérée","2022","2022","tonnes","1215.54","X","Ciffre de sources internationales"
"TM","Matrices du commerce détaillées","324","Guinée","250","France","5622","Importations - Valeur","21121","Viande, poulet, fraîche ou réfrigérée","2022","2022","1000 US$","1906","X","Ciffre de sources internationales"
"TM","Matrices du commerce détaillées","348","Hongrie","250","France","5609","Importations - Quantité","02151","Poulets","2022","2022","1000 têtes","272","A","Chiffre officiel"
"TM","Matrices du commerce détaillées","348","Hongrie","250","France","5610","Importations - Quantité","02151","Poulets","2022","2022","tonnes","13.21","A","Chiffre officiel"
"TM","Matrices du commerce détaillées","348","Hongrie","250","France","5622","Importations - Valeur","02151","Poulets","2022","2022","1000 US$","6874","A","Chiffre officiel"
"TM","Matrices du commerce détaillées","348","Hongrie","250","France","5610","Importations - Quantité","21121","Viande, poulet, fraîche ou réfrigérée","2022","2022","tonnes","679.01","A","Chiffre officiel"
"TM","Matrices du commerce détaillées","348","Hongrie","250","France","5622","Importations - Valeur","21121","Viande, poulet, fraîche ou réfrigérée","2022","2022","1000 US$","1684","A","Chiffre officiel"
"TM","Matrices du commerce détaillées","348","Hongrie","250","France","5910","Exportations - Quantité","21121","Viande, poulet, fraîche ou réfrigérée","2022","2022","tonnes","5658.59","A","Chiffre officiel"
"TM","Matrices du commerce détaillées","348","Hongrie","250","France","5922","Exportations - Valeur","21121","Viande, poulet, fraîche ou réfrigérée","2022","2022","1000 US$","29633","A","Chiffre officiel"
"TM","Matrices du commerce détaillées","356","Inde","250","France","5609","Importations - Quantité","02151","Poulets","2022","2022","1000 têtes","36","A","Chiffre officiel"
"TM","Matrices du commerce détaillées","356","Inde","250","France","5610","Importations - Quantité","02151","Poulets","2022","2022","tonnes","0","A","Chiffre officiel"
"TM","Matrices du commerce détaillées","356","Inde","250","France","5622","Importations - Valeur","02151","Poulets","2022","2022","1000 US$","1397","A","Chiffre officiel"
"TM","Matrices du commerce détaillées","360","Indonésie","250","France","5609","Importations - Quantité","02151","Poulets","2022","2022","1000 têtes","49","A","Chiffre officiel"
"TM","Matrices du commerce détaillées","360","Indonésie","250","France","5610","Importations - Quantité","02151","Poulets","2022","2022","tonnes","2.95","A","Chiffre officiel"
"TM","Matrices du commerce détaillées","360","Indonésie","250","France","5622","Importations - Valeur","02151","Poulets","2022","2022","1000 US$","2410","A","Chiffre officiel"
"TM","Matrices du commerce détaillées","372","Irlande","250","France","5610","Importations - Quantité","21121","Viande, poulet, fraîche ou réfrigérée","2022","2022","tonnes","206.92","A","Chiffre officiel"
"TM","Matrices du commerce détaillées","372","Irlande","250","France","5622","Importations - Valeur","21121","Viande, poulet, fraîche ou réfrigérée","2022","2022","1000 US$","767","A","Chiffre officiel"
"TM","Matrices du commerce détaillées","372","Irlande","250","France","5910","Exportations - Quantité","21121","Viande, poulet, fraîche ou réfrigérée","2022","2022","tonnes","3116.84","A","Chiffre officiel"
"TM","Matrices du commerce détaillées","372","Irlande","250","France","5922","Exportations - Valeur","21121","Viande, poulet, fraîche ou réfrigérée","2022","2022","1000 US$","4550","A","Chiffre officiel"
"TM","Matrices du commerce détaillées","352","Islande","250","France","5610","Importations - Quantité","21121","Viande, poulet, fraîche ou réfrigérée","2022","2022","tonnes","7.84","A","Chiffre officiel"
"TM","Matrices du commerce détaillées","352","Islande","250","France","5622","Importations - Valeur","21121","Viande, poulet, fraîche ou réfrigérée","2022","2022","1000 US$","59","A","Chiffre officiel"
"TM","Matrices du commerce détaillées","376","Israël","250","France","5609","Importations - Quantité","02151","Poulets","2022","2022","1000 têtes","26","A","Chiffre officiel"
"TM","Matrices du commerce détaillées","376","Israël","250","France","5610","Importations - Quantité","02151","Poulets","2022","2022","tonnes","0","A","Chiffre officiel"
"TM","Matrices du commerce détaillées","376","Israël","250","France","5622","Importations - Valeur","02151","Poulets","2022","2022","1000 US$","268","A","Chiffre officiel"
"TM","Matrices du commerce détaillées","380","Italie","250","France","5609","Importations - Quantité","02151","Poulets","2022","2022","1000 têtes","1518","A","Chiffre officiel"
"TM","Matrices du commerce détaillées","380","Italie","250","France","5610","Importations - Quantité","02151","Poulets","2022","2022","tonnes","113.92","A","Chiffre officiel"
"TM","Matrices du commerce détaillées","380","Italie","250","France","5622","Importations - Valeur","02151","Poulets","2022","2022","1000 US$","1971","A","Chiffre officiel"
"TM","Matrices du commerce détaillées","380","Italie","250","France","5610","Importations - Quantité","21121","Viande, poulet, fraîche ou réfrigérée","2022","2022","tonnes","3638.2","A","Chiffre officiel"
"TM","Matrices du commerce détaillées","380","Italie","250","France","5622","Importations - Valeur","21121","Viande, poulet, fraîche ou réfrigérée","2022","2022","1000 US$","7318","A","Chiffre officiel"
"TM","Matrices du commerce détaillées","380","Italie","250","France","5910","Exportations - Quantité","21121","Viande, poulet, fraîche ou réfrigérée","2022","2022","tonnes","5412","A","Chiffre officiel"
"TM","Matrices du commerce détaillées","380","Italie","250","France","5922","Exportations - Valeur","21121","Viande, poulet, fraîche ou réfrigérée","2022","2022","1000 US$","17316","A","Chiffre officiel"
"TM","Matrices du commerce détaillées","392","Japon","250","France","5609","Importations - Quantité","02151","Poulets","2022","2022","1000 têtes","66","A","Chiffre officiel"
"TM","Matrices du commerce détaillées","392","Japon","250","France","5610","Importations - Quantité","02151","Poulets","2022","2022","tonnes","0","A","Chiffre officiel"
"TM","Matrices du commerce détaillées","392","Japon","250","France","5622","Importations - Valeur","02151","Poulets","2022","2022","1000 US$","611","A","Chiffre officiel"
"TM","Matrices du commerce détaillées","392","Japon","250","France","5610","Importations - Quantité","21121","Viande, poulet, fraîche ou réfrigérée","2022","2022","tonnes","15.53","A","Chiffre officiel"
"TM","Matrices du commerce détaillées","392","Japon","250","France","5622","Importations - Valeur","21121","Viande, poulet, fraîche ou réfrigérée","2022","2022","1000 US$","138","A","Chiffre officiel"
"TM","Matrices du commerce détaillées","400","Jordanie","250","France","5609","Importations - Quantité","02151","Poulets","2022","2022","1000 têtes","23","I","Valeur imputée"
"TM","Matrices du commerce détaillées","400","Jordanie","250","France","5610","Importations - Quantité","02151","Poulets","2022","2022","tonnes","0","A","Chiffre officiel"
"TM","Matrices du commerce détaillées","400","Jordanie","250","France","5622","Importations - Valeur","02151","Poulets","2022","2022","1000 US$","2360","A","Chiffre officiel"
"TM","Matrices du commerce détaillées","398","Kazakhstan","250","France","5610","Importations - Quantité","21121","Viande, poulet, fraîche ou réfrigérée","2022","2022","tonnes","101.7","A","Chiffre officiel"
"TM","Matrices du commerce détaillées","398","Kazakhstan","250","France","5622","Importations - Valeur","21121","Viande, poulet, fraîche ou réfrigérée","2022","2022","1000 US$","39","A","Chiffre officiel"
"TM","Matrices du commerce détaillées","404","Kenya","250","France","5609","Importations - Quantité","02151","Poulets","2022","2022","1000 têtes","3","A","Chiffre officiel"
"TM","Matrices du commerce détaillées","404","Kenya","250","France","5610","Importations - Quantité","02151","Poulets","2022","2022","tonnes","3.33","A","Chiffre officiel"
"TM","Matrices du commerce détaillées","404","Kenya","250","France","5622","Importations - Valeur","02151","Poulets","2022","2022","1000 US$","670","A","Chiffre officiel"
"TM","Matrices du commerce détaillées","404","Kenya","250","France","5610","Importations - Quantité","21121","Viande, poulet, fraîche ou réfrigérée","2022","2022","tonnes","0.15","A","Chiffre officiel"
"TM","Matrices du commerce détaillées","404","Kenya","250","France","5622","Importations - Valeur","21121","Viande, poulet, fraîche ou réfrigérée","2022","2022","1000 US$","1","A","Chiffre officiel"
"TM","Matrices du commerce détaillées","404","Kenya","250","France","5910","Exportations - Quantité","21121","Viande, poulet, fraîche ou réfrigérée","2022","2022","tonnes","0.08","A","Chiffre officiel"
"TM","Matrices du commerce détaillées","404","Kenya","250","France","5922","Exportations - Valeur","21121","Viande, poulet, fraîche ou réfrigérée","2022","2022","1000 US$","0","A","Chiffre officiel"
"TM","Matrices du commerce détaillées","417","Kirghizistan","250","France","5610","Importations - Quantité","21121","Viande, poulet, fraîche ou réfrigérée","2022","2022","tonnes","21","A","Chiffre officiel"
"TM","Matrices du commerce détaillées","417","Kirghizistan","250","France","5622","Importations - Valeur","21121","Viande, poulet, fraîche ou réfrigérée","2022","2022","1000 US$","14","A","Chiffre officiel"
"TM","Matrices du commerce détaillées","414","Koweït","250","France","5610","Importations - Quantité","21121","Viande, poulet, fraîche ou réfrigérée","2022","2022","tonnes","1476.28","X","Ciffre de sources internationales"
"TM","Matrices du commerce détaillées","414","Koweït","250","France","5622","Importations - Valeur","21121","Viande, poulet, fraîche ou réfrigérée","2022","2022","1000 US$","3764","X","Ciffre de sources internationales"
"TM","Matrices du commerce détaillées","428","Lettonie","250","France","5610","Importations - Quantité","21121","Viande, poulet, fraîche ou réfrigérée","2022","2022","tonnes","196.89","A","Chiffre officiel"
"TM","Matrices du commerce détaillées","428","Lettonie","250","France","5622","Importations - Valeur","21121","Viande, poulet, fraîche ou réfrigérée","2022","2022","1000 US$","974","A","Chiffre officiel"
"TM","Matrices du commerce détaillées","428","Lettonie","250","France","5910","Exportations - Quantité","21121","Viande, poulet, fraîche ou réfrigérée","2022","2022","tonnes","392.32","A","Chiffre officiel"
"TM","Matrices du commerce détaillées","428","Lettonie","250","France","5922","Exportations - Valeur","21121","Viande, poulet, fraîche ou réfrigérée","2022","2022","1000 US$","875","A","Chiffre officiel"
"TM","Matrices du commerce détaillées","422","Liban","250","France","5609","Importations - Quantité","02151","Poulets","2022","2022","1000 têtes","132","A","Chiffre officiel"
"TM","Matrices du commerce détaillées","422","Liban","250","France","5610","Importations - Quantité","02151","Poulets","2022","2022","tonnes","7.94","A","Chiffre officiel"
"TM","Matrices du commerce détaillées","422","Liban","250","France","5622","Importations - Valeur","02151","Poulets","2022","2022","1000 US$","975","A","Chiffre officiel"
"TM","Matrices du commerce détaillées","434","Libye","250","France","5610","Importations - Quantité","21121","Viande, poulet, fraîche ou réfrigérée","2022","2022","tonnes","286.66","X","Ciffre de sources internationales"
"TM","Matrices du commerce détaillées","434","Libye","250","France","5622","Importations - Valeur","21121","Viande, poulet, fraîche ou réfrigérée","2022","2022","1000 US$","731","X","Ciffre de sources internationales"
"TM","Matrices du commerce détaillées","440","Lituanie","250","France","5610","Importations - Quantité","21121","Viande, poulet, fraîche ou réfrigérée","2022","2022","tonnes","239.83","A","Chiffre officiel"
"TM","Matrices du commerce détaillées","440","Lituanie","250","France","5622","Importations - Valeur","21121","Viande, poulet, fraîche ou réfrigérée","2022","2022","1000 US$","478","A","Chiffre officiel"
"TM","Matrices du commerce détaillées","440","Lituanie","250","France","5910","Exportations - Quantité","21121","Viande, poulet, fraîche ou réfrigérée","2022","2022","tonnes","2019.48","A","Chiffre officiel"
"TM","Matrices du commerce détaillées","440","Lituanie","250","France","5922","Exportations - Valeur","21121","Viande, poulet, fraîche ou réfrigérée","2022","2022","1000 US$","7465","A","Chiffre officiel"
"TM","Matrices du commerce détaillées","442","Luxembourg","250","France","5609","Importations - Quantité","02151","Poulets","2022","2022","1000 têtes","1","A","Chiffre officiel"
"TM","Matrices du commerce détaillées","442","Luxembourg","250","France","5610","Importations - Quantité","02151","Poulets","2022","2022","tonnes","10.1","A","Chiffre officiel"
"TM","Matrices du commerce détaillées","442","Luxembourg","250","France","5622","Importations - Valeur","02151","Poulets","2022","2022","1000 US$","9","A","Chiffre officiel"
"TM","Matrices du commerce détaillées","442","Luxembourg","250","France","5610","Importations - Quantité","21121","Viande, poulet, fraîche ou réfrigérée","2022","2022","tonnes","2016.19","A","Chiffre officiel"
"TM","Matrices du commerce détaillées","442","Luxembourg","250","France","5622","Importations - Valeur","21121","Viande, poulet, fraîche ou réfrigérée","2022","2022","1000 US$","13504","A","Chiffre officiel"
"TM","Matrices du commerce détaillées","442","Luxembourg","250","France","5910","Exportations - Quantité","21121","Viande, poulet, fraîche ou réfrigérée","2022","2022","tonnes","394.4","A","Chiffre officiel"
"TM","Matrices du commerce détaillées","442","Luxembourg","250","France","5922","Exportations - Valeur","21121","Viande, poulet, fraîche ou réfrigérée","2022","2022","1000 US$","2418","A","Chiffre officiel"
"TM","Matrices du commerce détaillées","807","Macédoine du Nord","250","France","5610","Importations - Quantité","21121","Viande, poulet, fraîche ou réfrigérée","2022","2022","tonnes","34.8","A","Chiffre officiel"
"TM","Matrices du commerce détaillées","807","Macédoine du Nord","250","France","5622","Importations - Valeur","21121","Viande, poulet, fraîche ou réfrigérée","2022","2022","1000 US$","68","A","Chiffre officiel"
"TM","Matrices du commerce détaillées","450","Madagascar","250","France","5610","Importations - Quantité","21121","Viande, poulet, fraîche ou réfrigérée","2022","2022","tonnes","0.15","A","Chiffre officiel"
"TM","Matrices du commerce détaillées","450","Madagascar","250","France","5622","Importations - Valeur","21121","Viande, poulet, fraîche ou réfrigérée","2022","2022","1000 US$","1","A","Chiffre officiel"
"TM","Matrices du commerce détaillées","458","Malaisie","250","France","5609","Importations - Quantité","02151","Poulets","2022","2022","1000 têtes","115","A","Chiffre officiel"
"TM","Matrices du commerce détaillées","458","Malaisie","250","France","5610","Importations - Quantité","02151","Poulets","2022","2022","tonnes","139.46","A","Chiffre officiel"
"TM","Matrices du commerce détaillées","458","Malaisie","250","France","5622","Importations - Valeur","02151","Poulets","2022","2022","1000 US$","1114","A","Chiffre officiel"
"TM","Matrices du commerce détaillées","462","Maldives","250","France","5609","Importations - Quantité","02151","Poulets","2022","2022","1000 têtes","0","A","Chiffre officiel"
"TM","Matrices du commerce détaillées","462","Maldives","250","France","5610","Importations - Quantité","02151","Poulets","2022","2022","tonnes","0","A","Chiffre officiel"
"TM","Matrices du commerce détaillées","462","Maldives","250","France","5622","Importations - Valeur","02151","Poulets","2022","2022","1000 US$","0","A","Chiffre officiel"
"TM","Matrices du commerce détaillées","462","Maldives","250","France","5610","Importations - Quantité","21121","Viande, poulet, fraîche ou réfrigérée","2022","2022","tonnes","100.45","A","Chiffre officiel"
"TM","Matrices du commerce détaillées","462","Maldives","250","France","5622","Importations - Valeur","21121","Viande, poulet, fraîche ou réfrigérée","2022","2022","1000 US$","669","A","Chiffre officiel"
"TM","Matrices du commerce détaillées","466","Mali","250","France","5609","Importations - Quantité","02151","Poulets","2022","2022","1000 têtes","1375","X","Ciffre de sources internationales"
"TM","Matrices du commerce détaillées","466","Mali","250","France","5610","Importations - Quantité","02151","Poulets","2022","2022","tonnes","48.66","A","Chiffre officiel"
"TM","Matrices du commerce détaillées","466","Mali","250","France","5622","Importations - Valeur","02151","Poulets","2022","2022","1000 US$","1601","X","Ciffre de sources internationales"
"TM","Matrices du commerce détaillées","466","Mali","250","France","5610","Importations - Quantité","21121","Viande, poulet, fraîche ou réfrigérée","2022","2022","tonnes","26.86","X","Ciffre de sources internationales"
"TM","Matrices du commerce détaillées","466","Mali","250","France","5622","Importations - Valeur","21121","Viande, poulet, fraîche ou réfrigérée","2022","2022","1000 US$","255","X","Ciffre de sources internationales"
"TM","Matrices du commerce détaillées","470","Malte","250","France","5610","Importations - Quantité","21121","Viande, poulet, fraîche ou réfrigérée","2022","2022","tonnes","4.93","A","Chiffre officiel"
"TM","Matrices du commerce détaillées","470","Malte","250","France","5622","Importations - Valeur","21121","Viande, poulet, fraîche ou réfrigérée","2022","2022","1000 US$","29","A","Chiffre officiel"
"TM","Matrices du commerce détaillées","504","Maroc","250","France","5609","Importations - Quantité","02151","Poulets","2022","2022","1000 têtes","405","I","Valeur imputée"
"TM","Matrices du commerce détaillées","504","Maroc","250","France","5610","Importations - Quantité","02151","Poulets","2022","2022","tonnes","14.15","A","Chiffre officiel"
"TM","Matrices du commerce détaillées","504","Maroc","250","France","5622","Importations - Valeur","02151","Poulets","2022","2022","1000 US$","1716","A","Chiffre officiel"
"TM","Matrices du commerce détaillées","504","Maroc","250","France","5610","Importations - Quantité","21121","Viande, poulet, fraîche ou réfrigérée","2022","2022","tonnes","0.62","A","Chiffre officiel"
"TM","Matrices du commerce détaillées","504","Maroc","250","France","5622","Importations - Valeur","21121","Viande, poulet, fraîche ou réfrigérée","2022","2022","1000 US$","1","A","Chiffre officiel"
"TM","Matrices du commerce détaillées","504","Maroc","250","France","5910","Exportations - Quantité","21121","Viande, poulet, fraîche ou réfrigérée","2022","2022","tonnes","0.08","A","Chiffre officiel"
"TM","Matrices du commerce détaillées","504","Maroc","250","France","5922","Exportations - Valeur","21121","Viande, poulet, fraîche ou réfrigérée","2022","2022","1000 US$","1","A","Chiffre officiel"
"TM","Matrices du commerce détaillées","480","Maurice","250","France","5609","Importations - Quantité","02151","Poulets","2022","2022","1000 têtes","140","I","Valeur imputée"
"TM","Matrices du commerce détaillées","480","Maurice","250","France","5610","Importations - Quantité","02151","Poulets","2022","2022","tonnes","3.49","A","Chiffre officiel"
"TM","Matrices du commerce détaillées","480","Maurice","250","France","5622","Importations - Valeur","02151","Poulets","2022","2022","1000 US$","604","A","Chiffre officiel"
"TM","Matrices du commerce détaillées","480","Maurice","250","France","5610","Importations - Quantité","21121","Viande, poulet, fraîche ou réfrigérée","2022","2022","tonnes","104.79","A","Chiffre officiel"
"TM","Matrices du commerce détaillées","480","Maurice","250","France","5622","Importations - Valeur","21121","Viande, poulet, fraîche ou réfrigérée","2022","2022","1000 US$","132","A","Chiffre officiel"
"TM","Matrices du commerce détaillées","484","Mexique","250","France","5609","Importations - Quantité","02151","Poulets","2022","2022","1000 têtes","33","A","Chiffre officiel"
"TM","Matrices du commerce détaillées","484","Mexique","250","France","5610","Importations - Quantité","02151","Poulets","2022","2022","tonnes","0","A","Chiffre officiel"
"TM","Matrices du commerce détaillées","484","Mexique","250","France","5622","Importations - Valeur","02151","Poulets","2022","2022","1000 US$","565","A","Chiffre officiel"
"TM","Matrices du commerce détaillées","499","Monténégro","250","France","5610","Importations - Quantité","21121","Viande, poulet, fraîche ou réfrigérée","2022","2022","tonnes","0.42","A","Chiffre officiel"
"TM","Matrices du commerce détaillées","499","Monténégro","250","France","5622","Importations - Valeur","21121","Viande, poulet, fraîche ou réfrigérée","2022","2022","1000 US$","4","A","Chiffre officiel"
"TM","Matrices du commerce détaillées","508","Mozambique","250","France","5610","Importations - Quantité","21121","Viande, poulet, fraîche ou réfrigérée","2022","2022","tonnes","83.18","A","Chiffre officiel"
"TM","Matrices du commerce détaillées","508","Mozambique","250","France","5622","Importations - Valeur","21121","Viande, poulet, fraîche ou réfrigérée","2022","2022","1000 US$","92","A","Chiffre officiel"
"TM","Matrices du commerce détaillées","516","Namibie","250","France","5610","Importations - Quantité","21121","Viande, poulet, fraîche ou réfrigérée","2022","2022","tonnes","0.65","A","Chiffre officiel"
"TM","Matrices du commerce détaillées","516","Namibie","250","France","5622","Importations - Valeur","21121","Viande, poulet, fraîche ou réfrigérée","2022","2022","1000 US$","0","A","Chiffre officiel"
"TM","Matrices du commerce détaillées","524","Népal","250","France","5609","Importations - Quantité","02151","Poulets","2022","2022","1000 têtes","5","A","Chiffre officiel"
"TM","Matrices du commerce détaillées","524","Népal","250","France","5610","Importations - Quantité","02151","Poulets","2022","2022","tonnes","0","A","Chiffre officiel"
"TM","Matrices du commerce détaillées","524","Népal","250","France","5622","Importations - Valeur","02151","Poulets","2022","2022","1000 US$","42","A","Chiffre officiel"
"TM","Matrices du commerce détaillées","562","Niger","250","France","5610","Importations - Quantité","21121","Viande, poulet, fraîche ou réfrigérée","2022","2022","tonnes","674.26","A","Chiffre officiel"
"TM","Matrices du commerce détaillées","562","Niger","250","France","5622","Importations - Valeur","21121","Viande, poulet, fraîche ou réfrigérée","2022","2022","1000 US$","855","A","Chiffre officiel"
"TM","Matrices du commerce détaillées","578","Norvège","250","France","5610","Importations - Quantité","21121","Viande, poulet, fraîche ou réfrigérée","2022","2022","tonnes","30.82","A","Chiffre officiel"
"TM","Matrices du commerce détaillées","578","Norvège","250","France","5622","Importations - Valeur","21121","Viande, poulet, fraîche ou réfrigérée","2022","2022","1000 US$","150","A","Chiffre officiel"
"TM","Matrices du commerce détaillées","540","Nouvelle-Calédonie","250","France","5609","Importations - Quantité","02151","Poulets","2022","2022","1000 têtes","4","X","Ciffre de sources internationales"
"TM","Matrices du commerce détaillées","540","Nouvelle-Calédonie","250","France","5610","Importations - Quantité","02151","Poulets","2022","2022","tonnes","0.16","A","Chiffre officiel"
"TM","Matrices du commerce détaillées","540","Nouvelle-Calédonie","250","France","5622","Importations - Valeur","02151","Poulets","2022","2022","1000 US$","28","X","Ciffre de sources internationales"
"TM","Matrices du commerce détaillées","540","Nouvelle-Calédonie","250","France","5610","Importations - Quantité","21121","Viande, poulet, fraîche ou réfrigérée","2022","2022","tonnes","1151.47","X","Ciffre de sources internationales"
"TM","Matrices du commerce détaillées","540","Nouvelle-Calédonie","250","France","5622","Importations - Valeur","21121","Viande, poulet, fraîche ou réfrigérée","2022","2022","1000 US$","4455","X","Ciffre de sources internationales"
"TM","Matrices du commerce détaillées","554","Nouvelle-Zélande","250","France","5909","Exportations - Quantité","02151","Poulets","2022","2022","1000 têtes","0","A","Chiffre officiel"
"TM","Matrices du commerce détaillées","554","Nouvelle-Zélande","250","France","5910","Exportations - Quantité","02151","Poulets","2022","2022","tonnes","0","A","Chiffre officiel"
"TM","Matrices du commerce détaillées","554","Nouvelle-Zélande","250","France","5922","Exportations - Valeur","02151","Poulets","2022","2022","1000 US$","68","A","Chiffre officiel"
"TM","Matrices du commerce détaillées","512","Oman","250","France","5610","Importations - Quantité","21121","Viande, poulet, fraîche ou réfrigérée","2022","2022","tonnes","46.77","X","Ciffre de sources internationales"
"TM","Matrices du commerce détaillées","512","Oman","250","France","5622","Importations - Valeur","21121","Viande, poulet, fraîche ou réfrigérée","2022","2022","1000 US$","109","X","Ciffre de sources internationales"
"TM","Matrices du commerce détaillées","586","Pakistan","250","France","5609","Importations - Quantité","02151","Poulets","2022","2022","1000 têtes","134","A","Chiffre officiel"
"TM","Matrices du commerce détaillées","586","Pakistan","250","France","5610","Importations - Quantité","02151","Poulets","2022","2022","tonnes","0","A","Chiffre officiel"
"TM","Matrices du commerce détaillées","586","Pakistan","250","France","5622","Importations - Valeur","02151","Poulets","2022","2022","1000 US$","1700","A","Chiffre officiel"
"TM","Matrices du commerce détaillées","591","Panama","250","France","5609","Importations - Quantité","02151","Poulets","2022","2022","1000 têtes","18","A","Chiffre officiel"
"TM","Matrices du commerce détaillées","591","Panama","250","France","5610","Importations - Quantité","02151","Poulets","2022","2022","tonnes","1.07","A","Chiffre officiel"
"TM","Matrices du commerce détaillées","591","Panama","250","France","5622","Importations - Valeur","02151","Poulets","2022","2022","1000 US$","183","A","Chiffre officiel"
"TM","Matrices du commerce détaillées","528","Pays-Bas (Royaume des)","250","France","5609","Importations - Quantité","02151","Poulets","2022","2022","1000 têtes","7781","A","Chiffre officiel"
"TM","Matrices du commerce détaillées","528","Pays-Bas (Royaume des)","250","France","5610","Importations - Quantité","02151","Poulets","2022","2022","tonnes","8104.87","A","Chiffre officiel"
"TM","Matrices du commerce détaillées","528","Pays-Bas (Royaume des)","250","France","5622","Importations - Valeur","02151","Poulets","2022","2022","1000 US$","14920","A","Chiffre officiel"
"TM","Matrices du commerce détaillées","528","Pays-Bas (Royaume des)","250","France","5909","Exportations - Quantité","02151","Poulets","2022","2022","1000 têtes","4467","A","Chiffre officiel"
"TM","Matrices du commerce détaillées","528","Pays-Bas (Royaume des)","250","France","5910","Exportations - Quantité","02151","Poulets","2022","2022","tonnes","1077.88","A","Chiffre officiel"
"TM","Matrices du commerce détaillées","528","Pays-Bas (Royaume des)","250","France","5922","Exportations - Valeur","02151","Poulets","2022","2022","1000 US$","4688","A","Chiffre officiel"
"TM","Matrices du commerce détaillées","528","Pays-Bas (Royaume des)","250","France","5610","Importations - Quantité","21121","Viande, poulet, fraîche ou réfrigérée","2022","2022","tonnes","30310.67","A","Chiffre officiel"
"TM","Matrices du commerce détaillées","528","Pays-Bas (Royaume des)","250","France","5622","Importations - Valeur","21121","Viande, poulet, fraîche ou réfrigérée","2022","2022","1000 US$","42654","A","Chiffre officiel"
"TM","Matrices du commerce détaillées","528","Pays-Bas (Royaume des)","250","France","5910","Exportations - Quantité","21121","Viande, poulet, fraîche ou réfrigérée","2022","2022","tonnes","135709.95","A","Chiffre officiel"
"TM","Matrices du commerce détaillées","528","Pays-Bas (Royaume des)","250","France","5922","Exportations - Valeur","21121","Viande, poulet, fraîche ou réfrigérée","2022","2022","1000 US$","414135","A","Chiffre officiel"
"TM","Matrices du commerce détaillées","616","Pologne","250","France","5609","Importations - Quantité","02151","Poulets","2022","2022","1000 têtes","2409","A","Chiffre officiel"
"TM","Matrices du commerce détaillées","616","Pologne","250","France","5610","Importations - Quantité","02151","Poulets","2022","2022","tonnes","2914.29","A","Chiffre officiel"
"TM","Matrices du commerce détaillées","616","Pologne","250","France","5622","Importations - Valeur","02151","Poulets","2022","2022","1000 US$","4773","A","Chiffre officiel"
"TM","Matrices du commerce détaillées","616","Pologne","250","France","5610","Importations - Quantité","21121","Viande, poulet, fraîche ou réfrigérée","2022","2022","tonnes","1164.91","A","Chiffre officiel"
"TM","Matrices du commerce détaillées","616","Pologne","250","France","5622","Importations - Valeur","21121","Viande, poulet, fraîche ou réfrigérée","2022","2022","1000 US$","3406","A","Chiffre officiel"
"TM","Matrices du commerce détaillées","616","Pologne","250","France","5910","Exportations - Quantité","21121","Viande, poulet, fraîche ou réfrigérée","2022","2022","tonnes","83374.29","A","Chiffre officiel"
"TM","Matrices du commerce détaillées","616","Pologne","250","France","5922","Exportations - Valeur","21121","Viande, poulet, fraîche ou réfrigérée","2022","2022","1000 US$","306774","A","Chiffre officiel"
"TM","Matrices du commerce détaillées","258","Polynésie française","250","France","5610","Importations - Quantité","21121","Viande, poulet, fraîche ou réfrigérée","2022","2022","tonnes","282.62","A","Chiffre officiel"
"TM","Matrices du commerce détaillées","258","Polynésie française","250","France","5622","Importations - Valeur","21121","Viande, poulet, fraîche ou réfrigérée","2022","2022","1000 US$","1343","A","Chiffre officiel"
"TM","Matrices du commerce détaillées","258","Polynésie française","250","France","5910","Exportations - Quantité","21121","Viande, poulet, fraîche ou réfrigérée","2022","2022","tonnes","3.2","A","Chiffre officiel"
"TM","Matrices du commerce détaillées","258","Polynésie française","250","France","5922","Exportations - Valeur","21121","Viande, poulet, fraîche ou réfrigérée","2022","2022","1000 US$","8","A","Chiffre officiel"
"TM","Matrices du commerce détaillées","620","Portugal","250","France","5609","Importations - Quantité","02151","Poulets","2022","2022","1000 têtes","205","A","Chiffre officiel"
"TM","Matrices du commerce détaillées","620","Portugal","250","France","5610","Importations - Quantité","02151","Poulets","2022","2022","tonnes","8.7","A","Chiffre officiel"
"TM","Matrices du commerce détaillées","620","Portugal","250","France","5622","Importations - Valeur","02151","Poulets","2022","2022","1000 US$","850","A","Chiffre officiel"
"TM","Matrices du commerce détaillées","620","Portugal","250","France","5610","Importations - Quantité","21121","Viande, poulet, fraîche ou réfrigérée","2022","2022","tonnes","4858.11","A","Chiffre officiel"
"TM","Matrices du commerce détaillées","620","Portugal","250","France","5622","Importations - Valeur","21121","Viande, poulet, fraîche ou réfrigérée","2022","2022","1000 US$","7575","A","Chiffre officiel"
"TM","Matrices du commerce détaillées","620","Portugal","250","France","5910","Exportations - Quantité","21121","Viande, poulet, fraîche ou réfrigérée","2022","2022","tonnes","2041.4","A","Chiffre officiel"
"TM","Matrices du commerce détaillées","620","Portugal","250","France","5922","Exportations - Valeur","21121","Viande, poulet, fraîche ou réfrigérée","2022","2022","1000 US$","5398","A","Chiffre officiel"
"TM","Matrices du commerce détaillées","634","Qatar","250","France","5609","Importations - Quantité","02151","Poulets","2022","2022","1000 têtes","32","A","Chiffre officiel"
"TM","Matrices du commerce détaillées","634","Qatar","250","France","5610","Importations - Quantité","02151","Poulets","2022","2022","tonnes","1.92","A","Chiffre officiel"
"TM","Matrices du commerce détaillées","634","Qatar","250","France","5622","Importations - Valeur","02151","Poulets","2022","2022","1000 US$","188","A","Chiffre officiel"
"TM","Matrices du commerce détaillées","634","Qatar","250","France","5610","Importations - Quantité","21121","Viande, poulet, fraîche ou réfrigérée","2022","2022","tonnes","280.96","A","Chiffre officiel"
"TM","Matrices du commerce détaillées","634","Qatar","250","France","5622","Importations - Valeur","21121","Viande, poulet, fraîche ou réfrigérée","2022","2022","1000 US$","2567","A","Chiffre officiel"
"TM","Matrices du commerce détaillées","140","République centrafricaine","250","France","5609","Importations - Quantité","02151","Poulets","2022","2022","1000 têtes","76","A","Chiffre officiel"
"TM","Matrices du commerce détaillées","140","République centrafricaine","250","France","5610","Importations - Quantité","02151","Poulets","2022","2022","tonnes","5","A","Chiffre officiel"
"TM","Matrices du commerce détaillées","140","République centrafricaine","250","France","5622","Importations - Valeur","02151","Poulets","2022","2022","1000 US$","39","A","Chiffre officiel"
"TM","Matrices du commerce détaillées","140","République centrafricaine","250","France","5610","Importations - Quantité","21121","Viande, poulet, fraîche ou réfrigérée","2022","2022","tonnes","1068.92","A","Chiffre officiel"
"TM","Matrices du commerce détaillées","140","République centrafricaine","250","France","5622","Importations - Valeur","21121","Viande, poulet, fraîche ou réfrigérée","2022","2022","1000 US$","438","A","Chiffre officiel"
"TM","Matrices du commerce détaillées","410","République de Corée","250","France","5609","Importations - Quantité","02151","Poulets","2022","2022","1000 têtes","54","A","Chiffre officiel"
"TM","Matrices du commerce détaillées","410","République de Corée","250","France","5610","Importations - Quantité","02151","Poulets","2022","2022","tonnes","2.71","A","Chiffre officiel"
"TM","Matrices du commerce détaillées","410","République de Corée","250","France","5622","Importations - Valeur","02151","Poulets","2022","2022","1000 US$","619","A","Chiffre officiel"
"TM","Matrices du commerce détaillées","498","République de Moldova","250","France","5610","Importations - Quantité","21121","Viande, poulet, fraîche ou réfrigérée","2022","2022","tonnes","266.57","A","Chiffre officiel"
"TM","Matrices du commerce détaillées","498","République de Moldova","250","France","5622","Importations - Valeur","21121","Viande, poulet, fraîche ou réfrigérée","2022","2022","1000 US$","180","A","Chiffre officiel"
"TM","Matrices du commerce détaillées","180","République démocratique du Congo","250","France","5609","Importations - Quantité","02151","Poulets","2022","2022","1000 têtes","10","X","Ciffre de sources internationales"
"TM","Matrices du commerce détaillées","180","République démocratique du Congo","250","France","5610","Importations - Quantité","02151","Poulets","2022","2022","tonnes","0.4","A","Chiffre officiel"
"TM","Matrices du commerce détaillées","180","République démocratique du Congo","250","France","5622","Importations - Valeur","02151","Poulets","2022","2022","1000 US$","15","X","Ciffre de sources internationales"
"TM","Matrices du commerce détaillées","180","République démocratique du Congo","250","France","5610","Importations - Quantité","21121","Viande, poulet, fraîche ou réfrigérée","2022","2022","tonnes","3121.64","X","Ciffre de sources internationales"
"TM","Matrices du commerce détaillées","180","République démocratique du Congo","250","France","5622","Importations - Valeur","21121","Viande, poulet, fraîche ou réfrigérée","2022","2022","1000 US$","4573","X","Ciffre de sources internationales"
"TM","Matrices du commerce détaillées","214","République dominicaine","250","France","5909","Exportations - Quantité","02151","Poulets","2022","2022","1000 têtes","1","A","Chiffre officiel"
"TM","Matrices du commerce détaillées","214","République dominicaine","250","France","5910","Exportations - Quantité","02151","Poulets","2022","2022","tonnes","1.73","A","Chiffre officiel"
"TM","Matrices du commerce détaillées","214","République dominicaine","250","France","5922","Exportations - Valeur","02151","Poulets","2022","2022","1000 US$","19","A","Chiffre officiel"
"TM","Matrices du commerce détaillées","834","République-Unie de Tanzanie","250","France","5609","Importations - Quantité","02151","Poulets","2022","2022","1000 têtes","199","A","Chiffre officiel"
"TM","Matrices du commerce détaillées","834","République-Unie de Tanzanie","250","France","5610","Importations - Quantité","02151","Poulets","2022","2022","tonnes","11.96","A","Chiffre officiel"
"TM","Matrices du commerce détaillées","834","République-Unie de Tanzanie","250","France","5622","Importations - Valeur","02151","Poulets","2022","2022","1000 US$","1155","A","Chiffre officiel"
"TM","Matrices du commerce détaillées","834","République-Unie de Tanzanie","250","France","5610","Importations - Quantité","21121","Viande, poulet, fraîche ou réfrigérée","2022","2022","tonnes","84.35","A","Chiffre officiel"
"TM","Matrices du commerce détaillées","834","République-Unie de Tanzanie","250","France","5622","Importations - Valeur","21121","Viande, poulet, fraîche ou réfrigérée","2022","2022","1000 US$","21","A","Chiffre officiel"
"TM","Matrices du commerce détaillées","642","Roumanie","250","France","5609","Importations - Quantité","02151","Poulets","2022","2022","1000 têtes","194","A","Chiffre officiel"
"TM","Matrices du commerce détaillées","642","Roumanie","250","France","5610","Importations - Quantité","02151","Poulets","2022","2022","tonnes","9.04","A","Chiffre officiel"
"TM","Matrices du commerce détaillées","642","Roumanie","250","France","5622","Importations - Valeur","02151","Poulets","2022","2022","1000 US$","621","A","Chiffre officiel"
"TM","Matrices du commerce détaillées","642","Roumanie","250","France","5610","Importations - Quantité","21121","Viande, poulet, fraîche ou réfrigérée","2022","2022","tonnes","945.31","A","Chiffre officiel"
"TM","Matrices du commerce détaillées","642","Roumanie","250","France","5622","Importations - Valeur","21121","Viande, poulet, fraîche ou réfrigérée","2022","2022","1000 US$","2610","A","Chiffre officiel"
"TM","Matrices du commerce détaillées","642","Roumanie","250","France","5910","Exportations - Quantité","21121","Viande, poulet, fraîche ou réfrigérée","2022","2022","tonnes","9544.64","A","Chiffre officiel"
"TM","Matrices du commerce détaillées","642","Roumanie","250","France","5922","Exportations - Valeur","21121","Viande, poulet, fraîche ou réfrigérée","2022","2022","1000 US$","38648","A","Chiffre officiel"
"TM","Matrices du commerce détaillées","826","Royaume-Uni de Grande-Bretagne et d'Irlande du Nord","250","France","5609","Importations - Quantité","02151","Poulets","2022","2022","1000 têtes","43","A","Chiffre officiel"
"TM","Matrices du commerce détaillées","826","Royaume-Uni de Grande-Bretagne et d'Irlande du Nord","250","France","5610","Importations - Quantité","02151","Poulets","2022","2022","tonnes","52.77","A","Chiffre officiel"
"TM","Matrices du commerce détaillées","826","Royaume-Uni de Grande-Bretagne et d'Irlande du Nord","250","France","5622","Importations - Valeur","02151","Poulets","2022","2022","1000 US$","3264","A","Chiffre officiel"
"TM","Matrices du commerce détaillées","826","Royaume-Uni de Grande-Bretagne et d'Irlande du Nord","250","France","5909","Exportations - Quantité","02151","Poulets","2022","2022","1000 têtes","22","A","Chiffre officiel"
"TM","Matrices du commerce détaillées","826","Royaume-Uni de Grande-Bretagne et d'Irlande du Nord","250","France","5910","Exportations - Quantité","02151","Poulets","2022","2022","tonnes","27.12","A","Chiffre officiel"
"TM","Matrices du commerce détaillées","826","Royaume-Uni de Grande-Bretagne et d'Irlande du Nord","250","France","5922","Exportations - Valeur","02151","Poulets","2022","2022","1000 US$","15076","A","Chiffre officiel"
"TM","Matrices du commerce détaillées","826","Royaume-Uni de Grande-Bretagne et d'Irlande du Nord","250","France","5610","Importations - Quantité","21121","Viande, poulet, fraîche ou réfrigérée","2022","2022","tonnes","8198.28","A","Chiffre officiel"
"TM","Matrices du commerce détaillées","826","Royaume-Uni de Grande-Bretagne et d'Irlande du Nord","250","France","5622","Importations - Valeur","21121","Viande, poulet, fraîche ou réfrigérée","2022","2022","1000 US$","31617","A","Chiffre officiel"
"TM","Matrices du commerce détaillées","826","Royaume-Uni de Grande-Bretagne et d'Irlande du Nord","250","France","5910","Exportations - Quantité","21121","Viande, poulet, fraîche ou réfrigérée","2022","2022","tonnes","8663.26","A","Chiffre officiel"
"TM","Matrices du commerce détaillées","826","Royaume-Uni de Grande-Bretagne et d'Irlande du Nord","250","France","5922","Exportations - Valeur","21121","Viande, poulet, fraîche ou réfrigérée","2022","2022","1000 US$","14106","A","Chiffre officiel"
"TM","Matrices du commerce détaillées","646","Rwanda","250","France","5609","Importations - Quantité","02151","Poulets","2022","2022","1000 têtes","11","A","Chiffre officiel"
"TM","Matrices du commerce détaillées","646","Rwanda","250","France","5610","Importations - Quantité","02151","Poulets","2022","2022","tonnes","1.13","A","Chiffre officiel"
"TM","Matrices du commerce détaillées","646","Rwanda","250","France","5622","Importations - Valeur","02151","Poulets","2022","2022","1000 US$","139","A","Chiffre officiel"
"TM","Matrices du commerce détaillées","662","Sainte-Lucie","250","France","5610","Importations - Quantité","21121","Viande, poulet, fraîche ou réfrigérée","2022","2022","tonnes","0.11","X","Ciffre de sources internationales"
"TM","Matrices du commerce détaillées","662","Sainte-Lucie","250","France","5622","Importations - Valeur","21121","Viande, poulet, fraîche ou réfrigérée","2022","2022","1000 US$","4","X","Ciffre de sources internationales"
"TM","Matrices du commerce détaillées","678","Sao Tomé-et-Principe","250","France","5610","Importations - Quantité","21121","Viande, poulet, fraîche ou réfrigérée","2022","2022","tonnes","302.8","A","Chiffre officiel"
"TM","Matrices du commerce détaillées","678","Sao Tomé-et-Principe","250","France","5622","Importations - Valeur","21121","Viande, poulet, fraîche ou réfrigérée","2022","2022","1000 US$","301","A","Chiffre officiel"
"TM","Matrices du commerce détaillées","686","Sénégal","250","France","5609","Importations - Quantité","02151","Poulets","2022","2022","1000 têtes","114","A","Chiffre officiel"
"TM","Matrices du commerce détaillées","686","Sénégal","250","France","5610","Importations - Quantité","02151","Poulets","2022","2022","tonnes","6.29","A","Chiffre officiel"
"TM","Matrices du commerce détaillées","686","Sénégal","250","France","5622","Importations - Valeur","02151","Poulets","2022","2022","1000 US$","625","A","Chiffre officiel"
"TM","Matrices du commerce détaillées","686","Sénégal","250","France","5610","Importations - Quantité","21121","Viande, poulet, fraîche ou réfrigérée","2022","2022","tonnes","0.21","A","Chiffre officiel"
"TM","Matrices du commerce détaillées","686","Sénégal","250","France","5622","Importations - Valeur","21121","Viande, poulet, fraîche ou réfrigérée","2022","2022","1000 US$","1","A","Chiffre officiel"
"TM","Matrices du commerce détaillées","686","Sénégal","250","France","5910","Exportations - Quantité","21121","Viande, poulet, fraîche ou réfrigérée","2022","2022","tonnes","0.1","A","Chiffre officiel"
"TM","Matrices du commerce détaillées","686","Sénégal","250","France","5922","Exportations - Valeur","21121","Viande, poulet, fraîche ou réfrigérée","2022","2022","1000 US$","1","A","Chiffre officiel"
"TM","Matrices du commerce détaillées","688","Serbie","250","France","5609","Importations - Quantité","02151","Poulets","2022","2022","1000 têtes","11","A","Chiffre officiel"
"TM","Matrices du commerce détaillées","688","Serbie","250","France","5610","Importations - Quantité","02151","Poulets","2022","2022","tonnes","0.66","A","Chiffre officiel"
"TM","Matrices du commerce détaillées","688","Serbie","250","France","5622","Importations - Valeur","02151","Poulets","2022","2022","1000 US$","110","A","Chiffre officiel"
"TM","Matrices du commerce détaillées","688","Serbie","250","France","5610","Importations - Quantité","21121","Viande, poulet, fraîche ou réfrigérée","2022","2022","tonnes","706.56","A","Chiffre officiel"
"TM","Matrices du commerce détaillées","688","Serbie","250","France","5622","Importations - Valeur","21121","Viande, poulet, fraîche ou réfrigérée","2022","2022","1000 US$","503","A","Chiffre officiel"
"TM","Matrices du commerce détaillées","690","Seychelles","250","France","5610","Importations - Quantité","21121","Viande, poulet, fraîche ou réfrigérée","2022","2022","tonnes","38.23","X","Ciffre de sources internationales"
"TM","Matrices du commerce détaillées","690","Seychelles","250","France","5622","Importations - Valeur","21121","Viande, poulet, fraîche ou réfrigérée","2022","2022","1000 US$","88","X","Ciffre de sources internationales"
"TM","Matrices du commerce détaillées","702","Singapour","250","France","5610","Importations - Quantité","21121","Viande, poulet, fraîche ou réfrigérée","2022","2022","tonnes","79.92","A","Chiffre officiel"
"TM","Matrices du commerce détaillées","702","Singapour","250","France","5622","Importations - Valeur","21121","Viande, poulet, fraîche ou réfrigérée","2022","2022","1000 US$","393","A","Chiffre officiel"
"TM","Matrices du commerce détaillées","703","Slovaquie","250","France","5610","Importations - Quantité","21121","Viande, poulet, fraîche ou réfrigérée","2022","2022","tonnes","102.08","A","Chiffre officiel"
"TM","Matrices du commerce détaillées","703","Slovaquie","250","France","5622","Importations - Valeur","21121","Viande, poulet, fraîche ou réfrigérée","2022","2022","1000 US$","346","A","Chiffre officiel"
"TM","Matrices du commerce détaillées","703","Slovaquie","250","France","5910","Exportations - Quantité","21121","Viande, poulet, fraîche ou réfrigérée","2022","2022","tonnes","2000.96","A","Chiffre officiel"
"TM","Matrices du commerce détaillées","703","Slovaquie","250","France","5922","Exportations - Valeur","21121","Viande, poulet, fraîche ou réfrigérée","2022","2022","1000 US$","8537","A","Chiffre officiel"
"TM","Matrices du commerce détaillées","705","Slovénie","250","France","5610","Importations - Quantité","21121","Viande, poulet, fraîche ou réfrigérée","2022","2022","tonnes","6.95","A","Chiffre officiel"
"TM","Matrices du commerce détaillées","705","Slovénie","250","France","5622","Importations - Valeur","21121","Viande, poulet, fraîche ou réfrigérée","2022","2022","1000 US$","27","A","Chiffre officiel"
"TM","Matrices du commerce détaillées","752","Suède","250","France","5609","Importations - Quantité","02151","Poulets","2022","2022","1000 têtes","11","A","Chiffre officiel"
"TM","Matrices du commerce détaillées","752","Suède","250","France","5610","Importations - Quantité","02151","Poulets","2022","2022","tonnes","0.39","A","Chiffre officiel"
"TM","Matrices du commerce détaillées","752","Suède","250","France","5622","Importations - Valeur","02151","Poulets","2022","2022","1000 US$","74","A","Chiffre officiel"
"TM","Matrices du commerce détaillées","752","Suède","250","France","5610","Importations - Quantité","21121","Viande, poulet, fraîche ou réfrigérée","2022","2022","tonnes","346.89","A","Chiffre officiel"
"TM","Matrices du commerce détaillées","752","Suède","250","France","5622","Importations - Valeur","21121","Viande, poulet, fraîche ou réfrigérée","2022","2022","1000 US$","1972","A","Chiffre officiel"
"TM","Matrices du commerce détaillées","752","Suède","250","France","5910","Exportations - Quantité","21121","Viande, poulet, fraîche ou réfrigérée","2022","2022","tonnes","71.16","A","Chiffre officiel"
"TM","Matrices du commerce détaillées","752","Suède","250","France","5922","Exportations - Valeur","21121","Viande, poulet, fraîche ou réfrigérée","2022","2022","1000 US$","121","A","Chiffre officiel"
"TM","Matrices du commerce détaillées","756","Suisse","250","France","5609","Importations - Quantité","02151","Poulets","2022","2022","1000 têtes","3","A","Chiffre officiel"
"TM","Matrices du commerce détaillées","756","Suisse","250","France","5610","Importations - Quantité","02151","Poulets","2022","2022","tonnes","4.32","A","Chiffre officiel"
"TM","Matrices du commerce détaillées","756","Suisse","250","France","5622","Importations - Valeur","02151","Poulets","2022","2022","1000 US$","329","A","Chiffre officiel"
"TM","Matrices du commerce détaillées","756","Suisse","250","France","5909","Exportations - Quantité","02151","Poulets","2022","2022","1000 têtes","328","A","Chiffre officiel"
"TM","Matrices du commerce détaillées","756","Suisse","250","France","5910","Exportations - Quantité","02151","Poulets","2022","2022","tonnes","466.26","A","Chiffre officiel"
"TM","Matrices du commerce détaillées","756","Suisse","250","France","5922","Exportations - Valeur","02151","Poulets","2022","2022","1000 US$","440","A","Chiffre officiel"
"TM","Matrices du commerce détaillées","756","Suisse","250","France","5610","Importations - Quantité","21121","Viande, poulet, fraîche ou réfrigérée","2022","2022","tonnes","3462.81","A","Chiffre officiel"
"TM","Matrices du commerce détaillées","756","Suisse","250","France","5622","Importations - Valeur","21121","Viande, poulet, fraîche ou réfrigérée","2022","2022","1000 US$","27774","A","Chiffre officiel"
"TM","Matrices du commerce détaillées","756","Suisse","250","France","5910","Exportations - Quantité","21121","Viande, poulet, fraîche ou réfrigérée","2022","2022","tonnes","0.4","A","Chiffre officiel"
"TM","Matrices du commerce détaillées","756","Suisse","250","France","5922","Exportations - Valeur","21121","Viande, poulet, fraîche ou réfrigérée","2022","2022","1000 US$","3","A","Chiffre officiel"
"TM","Matrices du commerce détaillées","740","Suriname","250","France","5610","Importations - Quantité","21121","Viande, poulet, fraîche ou réfrigérée","2022","2022","tonnes","43.3","A","Chiffre officiel"
"TM","Matrices du commerce détaillées","740","Suriname","250","France","5622","Importations - Valeur","21121","Viande, poulet, fraîche ou réfrigérée","2022","2022","1000 US$","70","A","Chiffre officiel"
"TM","Matrices du commerce détaillées","203","Tchéquie","250","France","5609","Importations - Quantité","02151","Poulets","2022","2022","1000 têtes","127","A","Chiffre officiel"
"TM","Matrices du commerce détaillées","203","Tchéquie","250","France","5610","Importations - Quantité","02151","Poulets","2022","2022","tonnes","5.05","A","Chiffre officiel"
"TM","Matrices du commerce détaillées","203","Tchéquie","250","France","5622","Importations - Valeur","02151","Poulets","2022","2022","1000 US$","173","A","Chiffre officiel"
"TM","Matrices du commerce détaillées","203","Tchéquie","250","France","5610","Importations - Quantité","21121","Viande, poulet, fraîche ou réfrigérée","2022","2022","tonnes","866.51","A","Chiffre officiel"
"TM","Matrices du commerce détaillées","203","Tchéquie","250","France","5622","Importations - Valeur","21121","Viande, poulet, fraîche ou réfrigérée","2022","2022","1000 US$","3050","A","Chiffre officiel"
"TM","Matrices du commerce détaillées","203","Tchéquie","250","France","5910","Exportations - Quantité","21121","Viande, poulet, fraîche ou réfrigérée","2022","2022","tonnes","86.97","A","Chiffre officiel"
"TM","Matrices du commerce détaillées","203","Tchéquie","250","France","5922","Exportations - Valeur","21121","Viande, poulet, fraîche ou réfrigérée","2022","2022","1000 US$","298","A","Chiffre officiel"
"TM","Matrices du commerce détaillées","764","Thaïlande","250","France","5609","Importations - Quantité","02151","Poulets","2022","2022","1000 têtes","274","A","Chiffre officiel"
"TM","Matrices du commerce détaillées","764","Thaïlande","250","France","5610","Importations - Quantité","02151","Poulets","2022","2022","tonnes","322.15","A","Chiffre officiel"
"TM","Matrices du commerce détaillées","764","Thaïlande","250","France","5622","Importations - Valeur","02151","Poulets","2022","2022","1000 US$","2267","A","Chiffre officiel"
"TM","Matrices du commerce détaillées","768","Togo","250","France","5610","Importations - Quantité","21121","Viande, poulet, fraîche ou réfrigérée","2022","2022","tonnes","2163.76","A","Chiffre officiel"
"TM","Matrices du commerce détaillées","768","Togo","250","France","5622","Importations - Valeur","21121","Viande, poulet, fraîche ou réfrigérée","2022","2022","1000 US$","1545","A","Chiffre officiel"
"TM","Matrices du commerce détaillées","788","Tunisie","250","France","5609","Importations - Quantité","02151","Poulets","2022","2022","1000 têtes","14","A","Chiffre officiel"
"TM","Matrices du commerce détaillées","788","Tunisie","250","France","5610","Importations - Quantité","02151","Poulets","2022","2022","tonnes","12.45","A","Chiffre officiel"
"TM","Matrices du commerce détaillées","788","Tunisie","250","France","5622","Importations - Valeur","02151","Poulets","2022","2022","1000 US$","1254","A","Chiffre officiel"
"TM","Matrices du commerce détaillées","792","Turquie","250","France","5609","Importations - Quantité","02151","Poulets","2022","2022","1000 têtes","90","I","Valeur imputée"
"TM","Matrices du commerce détaillées","792","Turquie","250","France","5610","Importations - Quantité","02151","Poulets","2022","2022","tonnes","2.8","A","Chiffre officiel"
"TM","Matrices du commerce détaillées","792","Turquie","250","France","5622","Importations - Valeur","02151","Poulets","2022","2022","1000 US$","479","A","Chiffre officiel"
"TM","Matrices du commerce détaillées","792","Turquie","250","France","5910","Exportations - Quantité","21121","Viande, poulet, fraîche ou réfrigérée","2022","2022","tonnes","0.8","A","Chiffre officiel"
"TM","Matrices du commerce détaillées","792","Turquie","250","France","5922","Exportations - Valeur","21121","Viande, poulet, fraîche ou réfrigérée","2022","2022","1000 US$","1","A","Chiffre officiel"
"TM","Matrices du commerce détaillées","804","Ukraine","250","France","5609","Importations - Quantité","02151","Poulets","2022","2022","1000 têtes","11","A","Chiffre officiel"
"TM","Matrices du commerce détaillées","804","Ukraine","250","France","5610","Importations - Quantité","02151","Poulets","2022","2022","tonnes","12.09","A","Chiffre officiel"
"TM","Matrices du commerce détaillées","804","Ukraine","250","France","5622","Importations - Valeur","02151","Poulets","2022","2022","1000 US$","859","A","Chiffre officiel"
"TM","Matrices du commerce détaillées","804","Ukraine","250","France","5610","Importations - Quantité","21121","Viande, poulet, fraîche ou réfrigérée","2022","2022","tonnes","154.03","A","Chiffre officiel"
"TM","Matrices du commerce détaillées","804","Ukraine","250","France","5622","Importations - Valeur","21121","Viande, poulet, fraîche ou réfrigérée","2022","2022","1000 US$","277","A","Chiffre officiel"
"TM","Matrices du commerce détaillées","804","Ukraine","250","France","5910","Exportations - Quantité","21121","Viande, poulet, fraîche ou réfrigérée","2022","2022","tonnes","122.5","A","Chiffre officiel"
"TM","Matrices du commerce détaillées","804","Ukraine","250","France","5922","Exportations - Valeur","21121","Viande, poulet, fraîche ou réfrigérée","2022","2022","1000 US$","256","A","Chiffre officiel"
"TM","Matrices du commerce détaillées","704","Viet Nam","250","France","5609","Importations - Quantité","02151","Poulets","2022","2022","1000 têtes","932","X","Ciffre de sources internationales"
"TM","Matrices du commerce détaillées","704","Viet Nam","250","France","5610","Importations - Quantité","02151","Poulets","2022","2022","tonnes","38.87","A","Chiffre officiel"
"TM","Matrices du commerce détaillées","704","Viet Nam","250","France","5622","Importations - Valeur","02151","Poulets","2022","2022","1000 US$","5069","X","Ciffre de sources internationales"
"TM","Matrices du commerce détaillées","704","Viet Nam","250","France","5610","Importations - Quantité","21121","Viande, poulet, fraîche ou réfrigérée","2022","2022","tonnes","209.04","X","Ciffre de sources internationales"
"TM","Matrices du commerce détaillées","704","Viet Nam","250","France","5622","Importations - Valeur","21121","Viande, poulet, fraîche ou réfrigérée","2022","2022","1000 US$","262","X","Ciffre de sources internationales"
"TM","Matrices du commerce détaillées","887","Yémen","250","France","5610","Importations - Quantité","21121","Viande, poulet, fraîche ou réfrigérée","2022","2022","tonnes","5199.08","X","Ciffre de sources internationales"
"TM","Matrices du commerce détaillées","887","Yémen","250","France","5622","Importations - Valeur","21121","Viande, poulet, fraîche ou réfrigérée","2022","2022","1000 US$","12628","X","Ciffre de sources internationales"
"TM","Matrices du commerce détaillées","894","Zambie","250","France","5609","Importations - Quantité","02151","Poulets","2022","2022","1000 têtes","7","A","Chiffre officiel"
"TM","Matrices du commerce détaillées","894","Zambie","250","France","5610","Importations - Quantité","02151","Poulets","2022","2022","tonnes","0.34","A","Chiffre officiel"
"TM","Matrices du commerce détaillées","894","Zambie","250","France","5622","Importations - Valeur","02151","Poulets","2022","2022","1000 US$","85","A","Chiffre officiel"
"TM","Matrices du commerce détaillées","716","Zimbabwe","250","France","5609","Importations - Quantité","02151","Poulets","2022","2022","1000 têtes","5","A","Chiffre officiel"
"TM","Matrices du commerce détaillées","716","Zimbabwe","250","France","5610","Importations - Quantité","02151","Poulets","2022","2022","tonnes","4.32","A","Chiffre officiel"
"TM","Matrices du commerce détaillées","716","Zimbabwe","250","France","5622","Importations - Valeur","02151","Poulets","2022","2022","1000 US$","356","A","Chiffre officiel"
