Code Domaine,Domaine,Code zone (ISO3),Zone,Code Élément,Élément,Code Produit (CPC),Produit,Code année,Année,Unité,Valeur,Symbole,Description du Symbole,Note
"QCL","Cultures et produits animaux","AFG","Afghanistan","5112","Réserves","02151","Poulets","2022","2022","1000 têtes","14066","E","Valeur estimée",""
"QCL","Cultures et produits animaux","AFG","Afghanistan","5321","Animaux Producteurs/Abattus","21121","Viande, poulet, fraîche ou réfrigérée","2022","2022","1000 têtes","35770","E","Valeur estimée",""
"QCL","Cultures et produits animaux","ZAF","Afrique du Sud","5112","Réserves","02151","Poulets","2022","2022","1000 têtes","170305","I","Valeur imputée",""
"QCL","Cultures et produits animaux","ZAF","Afrique du Sud","5321","Animaux Producteurs/Abattus","21121","Viande, poulet, fraîche ou réfrigérée","2022","2022","1000 têtes","997757","I","Valeur imputée",""
"QCL","Cultures et produits animaux","ALB","Albanie","5112","Réserves","02151","Poulets","2022","2022","1000 têtes","4999","A","Chiffre officiel",""
"QCL","Cultures et produits animaux","ALB","Albanie","5321","Animaux Producteurs/Abattus","21121","Viande, poulet, fraîche ou réfrigérée","2022","2022","1000 têtes","10646","A","Chiffre officiel",""
"QCL","Cultures et produits animaux","DZA","Algérie","5112","Réserves","02151","Poulets","2022","2022","1000 têtes","142061","E","Valeur estimée",""
"QCL","Cultures et produits animaux","DZA","Algérie","5321","Animaux Producteurs/Abattus","21121","Viande, poulet, fraîche ou réfrigérée","2022","2022","1000 têtes","271810","E","Valeur estimée",""
"QCL","Cultures et produits animaux","DEU","Allemagne","5321","Animaux Producteurs/Abattus","21121","Viande, poulet, fraîche ou réfrigérée","2022","2022","1000 têtes","631051","A","Chiffre officiel",""
"QCL","Cultures et produits animaux","AGO","Angola","5112","Réserves","02151","Poulets","2022","2022","1000 têtes","46486","E","Valeur estimée",""
"QCL","Cultures et produits animaux","AGO","Angola","5321","Animaux Producteurs/Abattus","21121","Viande, poulet, fraîche ou réfrigérée","2022","2022","1000 têtes","57031","E","Valeur estimée",""
"QCL","Cultures et produits animaux","ATG","Antigua-et-Barbuda","5112","Réserves","02151","Poulets","2022","2022","1000 têtes","162","I","Valeur imputée",""
"QCL","Cultures et produits animaux","ATG","Antigua-et-Barbuda","5321","Animaux Producteurs/Abattus","21121","Viande, poulet, fraîche ou réfrigérée","2022","2022","1000 têtes","74","A","Chiffre officiel",""
"QCL","Cultures et produits animaux","SAU","Arabie saoudite","5112","Réserves","02151","Poulets","2022","2022","1000 têtes","210360","I","Valeur imputée",""
"QCL","Cultures et produits animaux","SAU","Arabie saoudite","5321","Animaux Producteurs/Abattus","21121","Viande, poulet, fraîche ou réfrigérée","2022","2022","1000 têtes","644014","I","Valeur imputée",""
"QCL","Cultures et produits animaux","ARG","Argentine","5112","Réserves","02151","Poulets","2022","2022","1000 têtes","116815","I","Valeur imputée",""
"QCL","Cultures et produits animaux","ARG","Argentine","5321","Animaux Producteurs/Abattus","21121","Viande, poulet, fraîche ou réfrigérée","2022","2022","1000 têtes","751692","A","Chiffre officiel",""
"QCL","Cultures et produits animaux","ARM","Arménie","5112","Réserves","02151","Poulets","2022","2022","1000 têtes","4827","A","Chiffre officiel",""
"QCL","Cultures et produits animaux","ARM","Arménie","5321","Animaux Producteurs/Abattus","21121","Viande, poulet, fraîche ou réfrigérée","2022","2022","1000 têtes","10964","E","Valeur estimée",""
"QCL","Cultures et produits animaux","AUS","Australie","5112","Réserves","02151","Poulets","2022","2022","1000 têtes","109382","I","Valeur imputée",""
"QCL","Cultures et produits animaux","AUS","Australie","5321","Animaux Producteurs/Abattus","21121","Viande, poulet, fraîche ou réfrigérée","2022","2022","1000 têtes","698032","A","Chiffre officiel",""
"QCL","Cultures et produits animaux","AZE","Azerbaïdjan","5112","Réserves","02151","Poulets","2022","2022","1000 têtes","29795","A","Chiffre officiel",""
"QCL","Cultures et produits animaux","AZE","Azerbaïdjan","5321","Animaux Producteurs/Abattus","21121","Viande, poulet, fraîche ou réfrigérée","2022","2022","1000 têtes","110260","A","Chiffre officiel",""
"QCL","Cultures et produits animaux","BHS","Bahamas","5112","Réserves","02151","Poulets","2022","2022","1000 têtes","3220","I","Valeur imputée",""
"QCL","Cultures et produits animaux","BHS","Bahamas","5321","Animaux Producteurs/Abattus","21121","Viande, poulet, fraîche ou réfrigérée","2022","2022","1000 têtes","5215","E","Valeur estimée",""
"QCL","Cultures et produits animaux","BHR","Bahreïn","5112","Réserves","02151","Poulets","2022","2022","1000 têtes","1748","I","Valeur imputée",""
"QCL","Cultures et produits animaux","BHR","Bahreïn","5321","Animaux Producteurs/Abattus","21121","Viande, poulet, fraîche ou réfrigérée","2022","2022","1000 têtes","9815","I","Valeur imputée",""
"QCL","Cultures et produits animaux","BGD","Bangladesh","5112","Réserves","02151","Poulets","2022","2022","1000 têtes","311800","A","Chiffre officiel",""
"QCL","Cultures et produits animaux","BGD","Bangladesh","5321","Animaux Producteurs/Abattus","21121","Viande, poulet, fraîche ou réfrigérée","2022","2022","1000 têtes","316195","I","Valeur imputée",""
"QCL","Cultures et produits animaux","BRB","Barbade","5112","Réserves","02151","Poulets","2022","2022","1000 têtes","4655","I","Valeur imputée",""
"QCL","Cultures et produits animaux","BRB","Barbade","5321","Animaux Producteurs/Abattus","21121","Viande, poulet, fraîche ou réfrigérée","2022","2022","1000 têtes","9940","A","Chiffre officiel",""
"QCL","Cultures et produits animaux","BLR","Bélarus","5112","Réserves","02151","Poulets","2022","2022","1000 têtes","105978","I","Valeur imputée",""
"QCL","Cultures et produits animaux","BLR","Bélarus","5321","Animaux Producteurs/Abattus","21121","Viande, poulet, fraîche ou réfrigérée","2022","2022","1000 têtes","423400","E","Valeur estimée",""
"QCL","Cultures et produits animaux","BEL","Belgique","5112","Réserves","02151","Poulets","2022","2022","1000 têtes","53283","A","Chiffre officiel",""
"QCL","Cultures et produits animaux","BEL","Belgique","5321","Animaux Producteurs/Abattus","21121","Viande, poulet, fraîche ou réfrigérée","2022","2022","1000 têtes","297794","A","Chiffre officiel",""
"QCL","Cultures et produits animaux","BLZ","Belize","5112","Réserves","02151","Poulets","2022","2022","1000 têtes","1692","I","Valeur imputée",""
"QCL","Cultures et produits animaux","BLZ","Belize","5321","Animaux Producteurs/Abattus","21121","Viande, poulet, fraîche ou réfrigérée","2022","2022","1000 têtes","11915","A","Chiffre officiel",""
"QCL","Cultures et produits animaux","BEN","Bénin","5112","Réserves","02151","Poulets","2022","2022","1000 têtes","16333","A","Chiffre officiel",""
"QCL","Cultures et produits animaux","BEN","Bénin","5321","Animaux Producteurs/Abattus","21121","Viande, poulet, fraîche ou réfrigérée","2022","2022","1000 têtes","17591","I","Valeur imputée",""
"QCL","Cultures et produits animaux","BTN","Bhoutan","5112","Réserves","02151","Poulets","2022","2022","1000 têtes","975","A","Chiffre officiel",""
"QCL","Cultures et produits animaux","BTN","Bhoutan","5321","Animaux Producteurs/Abattus","21121","Viande, poulet, fraîche ou réfrigérée","2022","2022","1000 têtes","866","E","Valeur estimée",""
"QCL","Cultures et produits animaux","BOL","Bolivie (État plurinational de)","5112","Réserves","02151","Poulets","2022","2022","1000 têtes","223787","I","Valeur imputée",""
"QCL","Cultures et produits animaux","BOL","Bolivie (État plurinational de)","5321","Animaux Producteurs/Abattus","21121","Viande, poulet, fraîche ou réfrigérée","2022","2022","1000 têtes","156806","I","Valeur imputée",""
"QCL","Cultures et produits animaux","BIH","Bosnie-Herzégovine","5112","Réserves","02151","Poulets","2022","2022","1000 têtes","9299","A","Chiffre officiel",""
"QCL","Cultures et produits animaux","BIH","Bosnie-Herzégovine","5321","Animaux Producteurs/Abattus","21121","Viande, poulet, fraîche ou réfrigérée","2022","2022","1000 têtes","43537","A","Chiffre officiel",""
"QCL","Cultures et produits animaux","BWA","Botswana","5112","Réserves","02151","Poulets","2022","2022","1000 têtes","830","E","Valeur estimée",""
"QCL","Cultures et produits animaux","BWA","Botswana","5321","Animaux Producteurs/Abattus","21121","Viande, poulet, fraîche ou réfrigérée","2022","2022","1000 têtes","2376","E","Valeur estimée",""
"QCL","Cultures et produits animaux","BRA","Brésil","5112","Réserves","02151","Poulets","2022","2022","1000 têtes","1586048","A","Chiffre officiel",""
"QCL","Cultures et produits animaux","BRA","Brésil","5321","Animaux Producteurs/Abattus","21121","Viande, poulet, fraîche ou réfrigérée","2022","2022","1000 têtes","6109829","A","Chiffre officiel",""
"QCL","Cultures et produits animaux","BRN","Brunéi Darussalam","5112","Réserves","02151","Poulets","2022","2022","1000 têtes","21416","A","Chiffre officiel",""
"QCL","Cultures et produits animaux","BRN","Brunéi Darussalam","5321","Animaux Producteurs/Abattus","21121","Viande, poulet, fraîche ou réfrigérée","2022","2022","1000 têtes","20472","A","Chiffre officiel",""
"QCL","Cultures et produits animaux","BGR","Bulgarie","5321","Animaux Producteurs/Abattus","21121","Viande, poulet, fraîche ou réfrigérée","2022","2022","1000 têtes","50298","A","Chiffre officiel",""
"QCL","Cultures et produits animaux","BFA","Burkina Faso","5112","Réserves","02151","Poulets","2022","2022","1000 têtes","55306","I","Valeur imputée",""
"QCL","Cultures et produits animaux","BFA","Burkina Faso","5321","Animaux Producteurs/Abattus","21121","Viande, poulet, fraîche ou réfrigérée","2022","2022","1000 têtes","150000","E","Valeur estimée",""
"QCL","Cultures et produits animaux","BDI","Burundi","5112","Réserves","02151","Poulets","2022","2022","1000 têtes","2784","I","Valeur imputée",""
"QCL","Cultures et produits animaux","BDI","Burundi","5321","Animaux Producteurs/Abattus","21121","Viande, poulet, fraîche ou réfrigérée","2022","2022","1000 têtes","8032","I","Valeur imputée",""
"QCL","Cultures et produits animaux","CPV","Cabo Verde","5112","Réserves","02151","Poulets","2022","2022","1000 têtes","656","E","Valeur estimée",""
"QCL","Cultures et produits animaux","CPV","Cabo Verde","5321","Animaux Producteurs/Abattus","21121","Viande, poulet, fraîche ou réfrigérée","2022","2022","1000 têtes","461","E","Valeur estimée",""
"QCL","Cultures et produits animaux","KHM","Cambodge","5112","Réserves","02151","Poulets","2022","2022","1000 têtes","11682","I","Valeur imputée",""
"QCL","Cultures et produits animaux","KHM","Cambodge","5321","Animaux Producteurs/Abattus","21121","Viande, poulet, fraîche ou réfrigérée","2022","2022","1000 têtes","15968","I","Valeur imputée",""
"QCL","Cultures et produits animaux","CMR","Cameroun","5112","Réserves","02151","Poulets","2022","2022","1000 têtes","51386","I","Valeur imputée",""
"QCL","Cultures et produits animaux","CMR","Cameroun","5321","Animaux Producteurs/Abattus","21121","Viande, poulet, fraîche ou réfrigérée","2022","2022","1000 têtes","103089","I","Valeur imputée",""
"QCL","Cultures et produits animaux","CAN","Canada","5112","Réserves","02151","Poulets","2022","2022","1000 têtes","173942","I","Valeur imputée",""
"QCL","Cultures et produits animaux","CAN","Canada","5321","Animaux Producteurs/Abattus","21121","Viande, poulet, fraîche ou réfrigérée","2022","2022","1000 têtes","789420","A","Chiffre officiel",""
"QCL","Cultures et produits animaux","CHL","Chili","5112","Réserves","02151","Poulets","2022","2022","1000 têtes","57142","A","Chiffre officiel",""
"QCL","Cultures et produits animaux","CHL","Chili","5321","Animaux Producteurs/Abattus","21121","Viande, poulet, fraîche ou réfrigérée","2022","2022","1000 têtes","300523","A","Chiffre officiel",""
"QCL","Cultures et produits animaux","F351","Chine","5112","Réserves","02151","Poulets","2022","2022","1000 têtes","5290244","E","Valeur estimée",""
"QCL","Cultures et produits animaux","F351","Chine","5321","Animaux Producteurs/Abattus","21121","Viande, poulet, fraîche ou réfrigérée","2022","2022","1000 têtes","11830531","E","Valeur estimée",""
"QCL","Cultures et produits animaux","HKG","Chine - RAS de Hong-Kong","5112","Réserves","02151","Poulets","2022","2022","1000 têtes","4325","E","Valeur estimée",""
"QCL","Cultures et produits animaux","HKG","Chine - RAS de Hong-Kong","5321","Animaux Producteurs/Abattus","21121","Viande, poulet, fraîche ou réfrigérée","2022","2022","1000 têtes","16689","E","Valeur estimée",""
"QCL","Cultures et produits animaux","MAC","Chine - RAS de Macao","5112","Réserves","02151","Poulets","2022","2022","1000 têtes","802","E","Valeur estimée",""
"QCL","Cultures et produits animaux","MAC","Chine - RAS de Macao","5321","Animaux Producteurs/Abattus","21121","Viande, poulet, fraîche ou réfrigérée","2022","2022","1000 têtes","3632","E","Valeur estimée",""
"QCL","Cultures et produits animaux","CHN","Chine, continentale","5112","Réserves","02151","Poulets","2022","2022","1000 têtes","5185477","I","Valeur imputée",""
"QCL","Cultures et produits animaux","CHN","Chine, continentale","5321","Animaux Producteurs/Abattus","21121","Viande, poulet, fraîche ou réfrigérée","2022","2022","1000 têtes","11428002","I","Valeur imputée",""
"QCL","Cultures et produits animaux","TWN","Chine, Taiwan Province de","5112","Réserves","02151","Poulets","2022","2022","1000 têtes","99641","I","Valeur imputée",""
"QCL","Cultures et produits animaux","TWN","Chine, Taiwan Province de","5321","Animaux Producteurs/Abattus","21121","Viande, poulet, fraîche ou réfrigérée","2022","2022","1000 têtes","382208","I","Valeur imputée",""
"QCL","Cultures et produits animaux","CYP","Chypre","5321","Animaux Producteurs/Abattus","21121","Viande, poulet, fraîche ou réfrigérée","2022","2022","1000 têtes","13556","A","Chiffre officiel",""
"QCL","Cultures et produits animaux","COL","Colombie","5112","Réserves","02151","Poulets","2022","2022","1000 têtes","215218","A","Chiffre officiel",""
"QCL","Cultures et produits animaux","COL","Colombie","5321","Animaux Producteurs/Abattus","21121","Viande, poulet, fraîche ou réfrigérée","2022","2022","1000 têtes","1070155","I","Valeur imputée",""
"QCL","Cultures et produits animaux","COM","Comores","5112","Réserves","02151","Poulets","2022","2022","1000 têtes","547","I","Valeur imputée",""
"QCL","Cultures et produits animaux","COM","Comores","5321","Animaux Producteurs/Abattus","21121","Viande, poulet, fraîche ou réfrigérée","2022","2022","1000 têtes","734","I","Valeur imputée",""
"QCL","Cultures et produits animaux","COG","Congo","5112","Réserves","02151","Poulets","2022","2022","1000 têtes","3025","E","Valeur estimée",""
"QCL","Cultures et produits animaux","COG","Congo","5321","Animaux Producteurs/Abattus","21121","Viande, poulet, fraîche ou réfrigérée","2022","2022","1000 têtes","6827","E","Valeur estimée",""
"QCL","Cultures et produits animaux","CRI","Costa Rica","5112","Réserves","02151","Poulets","2022","2022","1000 têtes","26362","I","Valeur imputée",""
"QCL","Cultures et produits animaux","CRI","Costa Rica","5321","Animaux Producteurs/Abattus","21121","Viande, poulet, fraîche ou réfrigérée","2022","2022","1000 têtes","80668","I","Valeur imputée",""
"QCL","Cultures et produits animaux","CIV","Côte d'Ivoire","5112","Réserves","02151","Poulets","2022","2022","1000 têtes","92559","I","Valeur imputée",""
"QCL","Cultures et produits animaux","CIV","Côte d'Ivoire","5321","Animaux Producteurs/Abattus","21121","Viande, poulet, fraîche ou réfrigérée","2022","2022","1000 têtes","71027","I","Valeur imputée",""
"QCL","Cultures et produits animaux","HRV","Croatie","5112","Réserves","02151","Poulets","2022","2022","1000 têtes","10918","A","Chiffre officiel",""
"QCL","Cultures et produits animaux","HRV","Croatie","5321","Animaux Producteurs/Abattus","21121","Viande, poulet, fraîche ou réfrigérée","2022","2022","1000 têtes","39410","A","Chiffre officiel",""
"QCL","Cultures et produits animaux","CUB","Cuba","5112","Réserves","02151","Poulets","2022","2022","1000 têtes","30155","A","Chiffre officiel",""
"QCL","Cultures et produits animaux","CUB","Cuba","5321","Animaux Producteurs/Abattus","21121","Viande, poulet, fraîche ou réfrigérée","2022","2022","1000 têtes","15401","A","Chiffre officiel",""
"QCL","Cultures et produits animaux","DNK","Danemark","5112","Réserves","02151","Poulets","2022","2022","1000 têtes","22412","A","Chiffre officiel",""
"QCL","Cultures et produits animaux","DNK","Danemark","5321","Animaux Producteurs/Abattus","21121","Viande, poulet, fraîche ou réfrigérée","2022","2022","1000 têtes","97802","A","Chiffre officiel",""
"QCL","Cultures et produits animaux","DMA","Dominique","5112","Réserves","02151","Poulets","2022","2022","1000 têtes","203","I","Valeur imputée",""
"QCL","Cultures et produits animaux","DMA","Dominique","5321","Animaux Producteurs/Abattus","21121","Viande, poulet, fraîche ou réfrigérée","2022","2022","1000 têtes","371","I","Valeur imputée",""
"QCL","Cultures et produits animaux","EGY","Égypte","5112","Réserves","02151","Poulets","2022","2022","1000 têtes","300000","E","Valeur estimée",""
"QCL","Cultures et produits animaux","EGY","Égypte","5321","Animaux Producteurs/Abattus","21121","Viande, poulet, fraîche ou réfrigérée","2022","2022","1000 têtes","1710320","I","Valeur imputée",""
"QCL","Cultures et produits animaux","SLV","El Salvador","5112","Réserves","02151","Poulets","2022","2022","1000 têtes","18375","E","Valeur estimée",""
"QCL","Cultures et produits animaux","SLV","El Salvador","5321","Animaux Producteurs/Abattus","21121","Viande, poulet, fraîche ou réfrigérée","2022","2022","1000 têtes","124297","E","Valeur estimée",""
"QCL","Cultures et produits animaux","ARE","Émirats arabes unis","5112","Réserves","02151","Poulets","2022","2022","1000 têtes","26282","I","Valeur imputée",""
"QCL","Cultures et produits animaux","ARE","Émirats arabes unis","5321","Animaux Producteurs/Abattus","21121","Viande, poulet, fraîche ou réfrigérée","2022","2022","1000 têtes","44266","I","Valeur imputée",""
"QCL","Cultures et produits animaux","ECU","Équateur","5112","Réserves","02151","Poulets","2022","2022","1000 têtes","171110","I","Valeur imputée",""
"QCL","Cultures et produits animaux","ECU","Équateur","5321","Animaux Producteurs/Abattus","21121","Viande, poulet, fraîche ou réfrigérée","2022","2022","1000 têtes","244616","E","Valeur estimée",""
"QCL","Cultures et produits animaux","ERI","Érythrée","5112","Réserves","02151","Poulets","2022","2022","1000 têtes","1161","E","Valeur estimée",""
"QCL","Cultures et produits animaux","ERI","Érythrée","5321","Animaux Producteurs/Abattus","21121","Viande, poulet, fraîche ou réfrigérée","2022","2022","1000 têtes","1501","E","Valeur estimée",""
"QCL","Cultures et produits animaux","ESP","Espagne","5321","Animaux Producteurs/Abattus","21121","Viande, poulet, fraîche ou réfrigérée","2022","2022","1000 têtes","696489","A","Chiffre officiel",""
"QCL","Cultures et produits animaux","EST","Estonie","5112","Réserves","02151","Poulets","2022","2022","1000 têtes","2092","A","Chiffre officiel",""
"QCL","Cultures et produits animaux","SWZ","Eswatini","5112","Réserves","02151","Poulets","2022","2022","1000 têtes","3640","I","Valeur imputée",""
"QCL","Cultures et produits animaux","SWZ","Eswatini","5321","Animaux Producteurs/Abattus","21121","Viande, poulet, fraîche ou réfrigérée","2022","2022","1000 têtes","5630","E","Valeur estimée",""
"QCL","Cultures et produits animaux","USA","États-Unis d'Amérique","5112","Réserves","02151","Poulets","2022","2022","1000 têtes","1528000","E","Valeur estimée",""
"QCL","Cultures et produits animaux","USA","États-Unis d'Amérique","5321","Animaux Producteurs/Abattus","21121","Viande, poulet, fraîche ou réfrigérée","2022","2022","1000 têtes","9545720","A","Chiffre officiel",""
"QCL","Cultures et produits animaux","ETH","Éthiopie","5112","Réserves","02151","Poulets","2022","2022","1000 têtes","41960","I","Valeur imputée",""
"QCL","Cultures et produits animaux","ETH","Éthiopie","5321","Animaux Producteurs/Abattus","21121","Viande, poulet, fraîche ou réfrigérée","2022","2022","1000 têtes","61694","I","Valeur imputée",""
"QCL","Cultures et produits animaux","RUS","Fédération de Russie","5112","Réserves","02151","Poulets","2022","2022","1000 têtes","488236","A","Chiffre officiel",""
"QCL","Cultures et produits animaux","RUS","Fédération de Russie","5321","Animaux Producteurs/Abattus","21121","Viande, poulet, fraîche ou réfrigérée","2022","2022","1000 têtes","2529742","A","Chiffre officiel",""
"QCL","Cultures et produits animaux","FJI","Fidji","5112","Réserves","02151","Poulets","2022","2022","1000 têtes","5702","I","Valeur imputée",""
"QCL","Cultures et produits animaux","FJI","Fidji","5321","Animaux Producteurs/Abattus","21121","Viande, poulet, fraîche ou réfrigérée","2022","2022","1000 têtes","13599","I","Valeur imputée",""
"QCL","Cultures et produits animaux","FIN","Finlande","5112","Réserves","02151","Poulets","2022","2022","1000 têtes","13364","A","Chiffre officiel",""
"QCL","Cultures et produits animaux","FIN","Finlande","5321","Animaux Producteurs/Abattus","21121","Viande, poulet, fraîche ou réfrigérée","2022","2022","1000 têtes","81278","A","Chiffre officiel",""
"QCL","Cultures et produits animaux","FRA","France","5112","Réserves","02151","Poulets","2022","2022","1000 têtes","231096","A","Chiffre officiel",""
"QCL","Cultures et produits animaux","FRA","France","5321","Animaux Producteurs/Abattus","21121","Viande, poulet, fraîche ou réfrigérée","2022","2022","1000 têtes","734321","A","Chiffre officiel",""
"QCL","Cultures et produits animaux","GAB","Gabon","5112","Réserves","02151","Poulets","2022","2022","1000 têtes","3365","I","Valeur imputée",""
"QCL","Cultures et produits animaux","GAB","Gabon","5321","Animaux Producteurs/Abattus","21121","Viande, poulet, fraîche ou réfrigérée","2022","2022","1000 têtes","5177","I","Valeur imputée",""
"QCL","Cultures et produits animaux","GMB","Gambie","5112","Réserves","02151","Poulets","2022","2022","1000 têtes","1005","A","Chiffre officiel",""
"QCL","Cultures et produits animaux","GMB","Gambie","5321","Animaux Producteurs/Abattus","21121","Viande, poulet, fraîche ou réfrigérée","2022","2022","1000 têtes","1248","E","Valeur estimée",""
"QCL","Cultures et produits animaux","GEO","Géorgie","5112","Réserves","02151","Poulets","2022","2022","1000 têtes","9092","A","Chiffre officiel",""
"QCL","Cultures et produits animaux","GEO","Géorgie","5321","Animaux Producteurs/Abattus","21121","Viande, poulet, fraîche ou réfrigérée","2022","2022","1000 têtes","15363","I","Valeur imputée",""
"QCL","Cultures et produits animaux","GHA","Ghana","5112","Réserves","02151","Poulets","2022","2022","1000 têtes","88666","I","Valeur imputée",""
"QCL","Cultures et produits animaux","GHA","Ghana","5321","Animaux Producteurs/Abattus","21121","Viande, poulet, fraîche ou réfrigérée","2022","2022","1000 têtes","91049","I","Valeur imputée",""
"QCL","Cultures et produits animaux","GRC","Grèce","5321","Animaux Producteurs/Abattus","21121","Viande, poulet, fraîche ou réfrigérée","2022","2022","1000 têtes","147097","A","Chiffre officiel",""
"QCL","Cultures et produits animaux","GRD","Grenade","5112","Réserves","02151","Poulets","2022","2022","1000 têtes","269","I","Valeur imputée",""
"QCL","Cultures et produits animaux","GRD","Grenade","5321","Animaux Producteurs/Abattus","21121","Viande, poulet, fraîche ou réfrigérée","2022","2022","1000 têtes","371","E","Valeur estimée",""
"QCL","Cultures et produits animaux","GTM","Guatemala","5112","Réserves","02151","Poulets","2022","2022","1000 têtes","47000","E","Valeur estimée",""
"QCL","Cultures et produits animaux","GTM","Guatemala","5321","Animaux Producteurs/Abattus","21121","Viande, poulet, fraîche ou réfrigérée","2022","2022","1000 têtes","237235","I","Valeur imputée",""
"QCL","Cultures et produits animaux","GIN","Guinée","5112","Réserves","02151","Poulets","2022","2022","1000 têtes","37544","E","Valeur estimée",""
"QCL","Cultures et produits animaux","GIN","Guinée","5321","Animaux Producteurs/Abattus","21121","Viande, poulet, fraîche ou réfrigérée","2022","2022","1000 têtes","10942","E","Valeur estimée",""
"QCL","Cultures et produits animaux","GNQ","Guinée équatoriale","5112","Réserves","02151","Poulets","2022","2022","1000 têtes","380","E","Valeur estimée",""
"QCL","Cultures et produits animaux","GNQ","Guinée équatoriale","5321","Animaux Producteurs/Abattus","21121","Viande, poulet, fraîche ou réfrigérée","2022","2022","1000 têtes","322","E","Valeur estimée",""
"QCL","Cultures et produits animaux","GNB","Guinée-Bissau","5112","Réserves","02151","Poulets","2022","2022","1000 têtes","2115","E","Valeur estimée",""
"QCL","Cultures et produits animaux","GNB","Guinée-Bissau","5321","Animaux Producteurs/Abattus","21121","Viande, poulet, fraîche ou réfrigérée","2022","2022","1000 têtes","3717","E","Valeur estimée",""
"QCL","Cultures et produits animaux","GUY","Guyana","5112","Réserves","02151","Poulets","2022","2022","1000 têtes","30976","I","Valeur imputée",""
"QCL","Cultures et produits animaux","GUY","Guyana","5321","Animaux Producteurs/Abattus","21121","Viande, poulet, fraîche ou réfrigérée","2022","2022","1000 têtes","33369","I","Valeur imputée",""
"QCL","Cultures et produits animaux","HTI","Haïti","5112","Réserves","02151","Poulets","2022","2022","1000 têtes","5891","I","Valeur imputée",""
"QCL","Cultures et produits animaux","HTI","Haïti","5321","Animaux Producteurs/Abattus","21121","Viande, poulet, fraîche ou réfrigérée","2022","2022","1000 têtes","9782","I","Valeur imputée",""
"QCL","Cultures et produits animaux","HND","Honduras","5112","Réserves","02151","Poulets","2022","2022","1000 têtes","48905","I","Valeur imputée",""
"QCL","Cultures et produits animaux","HND","Honduras","5321","Animaux Producteurs/Abattus","21121","Viande, poulet, fraîche ou réfrigérée","2022","2022","1000 têtes","126488","A","Chiffre officiel",""
"QCL","Cultures et produits animaux","HUN","Hongrie","5112","Réserves","02151","Poulets","2022","2022","1000 têtes","32114","A","Chiffre officiel",""
"QCL","Cultures et produits animaux","HUN","Hongrie","5321","Animaux Producteurs/Abattus","21121","Viande, poulet, fraîche ou réfrigérée","2022","2022","1000 têtes","177875","A","Chiffre officiel",""
"QCL","Cultures et produits animaux","COK","Îles Cook","5112","Réserves","02151","Poulets","2022","2022","1000 têtes","16","E","Valeur estimée",""
"QCL","Cultures et produits animaux","COK","Îles Cook","5321","Animaux Producteurs/Abattus","21121","Viande, poulet, fraîche ou réfrigérée","2022","2022","1000 têtes","21","E","Valeur estimée",""
"QCL","Cultures et produits animaux","SLB","Îles Salomon","5112","Réserves","02151","Poulets","2022","2022","1000 têtes","248","I","Valeur imputée",""
"QCL","Cultures et produits animaux","SLB","Îles Salomon","5321","Animaux Producteurs/Abattus","21121","Viande, poulet, fraîche ou réfrigérée","2022","2022","1000 têtes","355","I","Valeur imputée",""
"QCL","Cultures et produits animaux","IND","Inde","5112","Réserves","02151","Poulets","2022","2022","1000 têtes","852324","I","Valeur imputée",""
"QCL","Cultures et produits animaux","IND","Inde","5321","Animaux Producteurs/Abattus","21121","Viande, poulet, fraîche ou réfrigérée","2022","2022","1000 têtes","2983054","I","Valeur imputée",""
"QCL","Cultures et produits animaux","IDN","Indonésie","5112","Réserves","02151","Poulets","2022","2022","1000 têtes","3482427","A","Chiffre officiel",""
"QCL","Cultures et produits animaux","IDN","Indonésie","5321","Animaux Producteurs/Abattus","21121","Viande, poulet, fraîche ou réfrigérée","2022","2022","1000 têtes","4574424","I","Valeur imputée",""
"QCL","Cultures et produits animaux","IRN","Iran (République islamique d')","5112","Réserves","02151","Poulets","2022","2022","1000 têtes","1036874","I","Valeur imputée",""
"QCL","Cultures et produits animaux","IRN","Iran (République islamique d')","5321","Animaux Producteurs/Abattus","21121","Viande, poulet, fraîche ou réfrigérée","2022","2022","1000 têtes","1880121","I","Valeur imputée",""
"QCL","Cultures et produits animaux","IRQ","Iraq","5112","Réserves","02151","Poulets","2022","2022","1000 têtes","116410","I","Valeur imputée",""
"QCL","Cultures et produits animaux","IRQ","Iraq","5321","Animaux Producteurs/Abattus","21121","Viande, poulet, fraîche ou réfrigérée","2022","2022","1000 têtes","144717","E","Valeur estimée",""
"QCL","Cultures et produits animaux","IRL","Irlande","5321","Animaux Producteurs/Abattus","21121","Viande, poulet, fraîche ou réfrigérée","2022","2022","1000 têtes","97789","A","Chiffre officiel",""
"QCL","Cultures et produits animaux","ISL","Islande","5112","Réserves","02151","Poulets","2022","2022","1000 têtes","220","A","Chiffre officiel",""
"QCL","Cultures et produits animaux","ISL","Islande","5321","Animaux Producteurs/Abattus","21121","Viande, poulet, fraîche ou réfrigérée","2022","2022","1000 têtes","5615","A","Chiffre officiel",""
"QCL","Cultures et produits animaux","ISR","Israël","5112","Réserves","02151","Poulets","2022","2022","1000 têtes","46716","A","Chiffre officiel",""
"QCL","Cultures et produits animaux","ISR","Israël","5321","Animaux Producteurs/Abattus","21121","Viande, poulet, fraîche ou réfrigérée","2022","2022","1000 têtes","487963","I","Valeur imputée",""
"QCL","Cultures et produits animaux","ITA","Italie","5321","Animaux Producteurs/Abattus","21121","Viande, poulet, fraîche ou réfrigérée","2022","2022","1000 têtes","534144","A","Chiffre officiel",""
"QCL","Cultures et produits animaux","JAM","Jamaïque","5112","Réserves","02151","Poulets","2022","2022","1000 têtes","14194","I","Valeur imputée",""
"QCL","Cultures et produits animaux","JAM","Jamaïque","5321","Animaux Producteurs/Abattus","21121","Viande, poulet, fraîche ou réfrigérée","2022","2022","1000 têtes","77187","I","Valeur imputée",""
"QCL","Cultures et produits animaux","JPN","Japon","5112","Réserves","02151","Poulets","2022","2022","1000 têtes","321891","A","Chiffre officiel",""
"QCL","Cultures et produits animaux","JPN","Japon","5321","Animaux Producteurs/Abattus","21121","Viande, poulet, fraîche ou réfrigérée","2022","2022","1000 têtes","821705","A","Chiffre officiel",""
"QCL","Cultures et produits animaux","JOR","Jordanie","5112","Réserves","02151","Poulets","2022","2022","1000 têtes","35000","E","Valeur estimée",""
"QCL","Cultures et produits animaux","JOR","Jordanie","5321","Animaux Producteurs/Abattus","21121","Viande, poulet, fraîche ou réfrigérée","2022","2022","1000 têtes","260000","E","Valeur estimée",""
"QCL","Cultures et produits animaux","KAZ","Kazakhstan","5112","Réserves","02151","Poulets","2022","2022","1000 têtes","48349","A","Chiffre officiel",""
"QCL","Cultures et produits animaux","KAZ","Kazakhstan","5321","Animaux Producteurs/Abattus","21121","Viande, poulet, fraîche ou réfrigérée","2022","2022","1000 têtes","161805","A","Chiffre officiel",""
"QCL","Cultures et produits animaux","KEN","Kenya","5112","Réserves","02151","Poulets","2022","2022","1000 têtes","61072","I","Valeur imputée",""
"QCL","Cultures et produits animaux","KEN","Kenya","5321","Animaux Producteurs/Abattus","21121","Viande, poulet, fraîche ou réfrigérée","2022","2022","1000 têtes","79753","I","Valeur imputée",""
"QCL","Cultures et produits animaux","KGZ","Kirghizistan","5112","Réserves","02151","Poulets","2022","2022","1000 têtes","4984","A","Chiffre officiel",""
"QCL","Cultures et produits animaux","KGZ","Kirghizistan","5321","Animaux Producteurs/Abattus","21121","Viande, poulet, fraîche ou réfrigérée","2022","2022","1000 têtes","9519","E","Valeur estimée",""
"QCL","Cultures et produits animaux","KIR","Kiribati","5112","Réserves","02151","Poulets","2022","2022","1000 têtes","658","E","Valeur estimée",""
"QCL","Cultures et produits animaux","KIR","Kiribati","5321","Animaux Producteurs/Abattus","21121","Viande, poulet, fraîche ou réfrigérée","2022","2022","1000 têtes","1126","E","Valeur estimée",""
"QCL","Cultures et produits animaux","KWT","Koweït","5112","Réserves","02151","Poulets","2022","2022","1000 têtes","58928","I","Valeur imputée",""
"QCL","Cultures et produits animaux","KWT","Koweït","5321","Animaux Producteurs/Abattus","21121","Viande, poulet, fraîche ou réfrigérée","2022","2022","1000 têtes","50067","I","Valeur imputée",""
"QCL","Cultures et produits animaux","LSO","Lesotho","5112","Réserves","02151","Poulets","2022","2022","1000 têtes","343","E","Valeur estimée",""
"QCL","Cultures et produits animaux","LSO","Lesotho","5321","Animaux Producteurs/Abattus","21121","Viande, poulet, fraîche ou réfrigérée","2022","2022","1000 têtes","982","E","Valeur estimée",""
"QCL","Cultures et produits animaux","LVA","Lettonie","5321","Animaux Producteurs/Abattus","21121","Viande, poulet, fraîche ou réfrigérée","2022","2022","1000 têtes","21637","A","Chiffre officiel",""
"QCL","Cultures et produits animaux","LBN","Liban","5112","Réserves","02151","Poulets","2022","2022","1000 têtes","70610","E","Valeur estimée",""
"QCL","Cultures et produits animaux","LBN","Liban","5321","Animaux Producteurs/Abattus","21121","Viande, poulet, fraîche ou réfrigérée","2022","2022","1000 têtes","57730","E","Valeur estimée",""
"QCL","Cultures et produits animaux","LBR","Libéria","5112","Réserves","02151","Poulets","2022","2022","1000 têtes","8484","E","Valeur estimée",""
"QCL","Cultures et produits animaux","LBR","Libéria","5321","Animaux Producteurs/Abattus","21121","Viande, poulet, fraîche ou réfrigérée","2022","2022","1000 têtes","17452","E","Valeur estimée",""
"QCL","Cultures et produits animaux","LBY","Libye","5112","Réserves","02151","Poulets","2022","2022","1000 têtes","37775","I","Valeur imputée",""
"QCL","Cultures et produits animaux","LBY","Libye","5321","Animaux Producteurs/Abattus","21121","Viande, poulet, fraîche ou réfrigérée","2022","2022","1000 têtes","111485","I","Valeur imputée",""
"QCL","Cultures et produits animaux","LTU","Lituanie","5112","Réserves","02151","Poulets","2022","2022","1000 têtes","8897","A","Chiffre officiel",""
"QCL","Cultures et produits animaux","LTU","Lituanie","5321","Animaux Producteurs/Abattus","21121","Viande, poulet, fraîche ou réfrigérée","2022","2022","1000 têtes","46380","A","Chiffre officiel",""
"QCL","Cultures et produits animaux","LUX","Luxembourg","5321","Animaux Producteurs/Abattus","21121","Viande, poulet, fraîche ou réfrigérée","2022","2022","1000 têtes","0","A","Chiffre officiel",""
"QCL","Cultures et produits animaux","MKD","Macédoine du Nord","5112","Réserves","02151","Poulets","2022","2022","1000 têtes","1562","A","Chiffre officiel",""
"QCL","Cultures et produits animaux","MKD","Macédoine du Nord","5321","Animaux Producteurs/Abattus","21121","Viande, poulet, fraîche ou réfrigérée","2022","2022","1000 têtes","2812","E","Valeur estimée",""
"QCL","Cultures et produits animaux","MDG","Madagascar","5112","Réserves","02151","Poulets","2022","2022","1000 têtes","43702","I","Valeur imputée",""
"QCL","Cultures et produits animaux","MDG","Madagascar","5321","Animaux Producteurs/Abattus","21121","Viande, poulet, fraîche ou réfrigérée","2022","2022","1000 têtes","67182","I","Valeur imputée",""
"QCL","Cultures et produits animaux","MYS","Malaisie","5112","Réserves","02151","Poulets","2022","2022","1000 têtes","293604","A","Chiffre officiel",""
"QCL","Cultures et produits animaux","MYS","Malaisie","5321","Animaux Producteurs/Abattus","21121","Viande, poulet, fraîche ou réfrigérée","2022","2022","1000 têtes","809643","E","Valeur estimée",""
"QCL","Cultures et produits animaux","MWI","Malawi","5112","Réserves","02151","Poulets","2022","2022","1000 têtes","19553","E","Valeur estimée",""
"QCL","Cultures et produits animaux","MWI","Malawi","5321","Animaux Producteurs/Abattus","21121","Viande, poulet, fraîche ou réfrigérée","2022","2022","1000 têtes","49600","E","Valeur estimée",""
"QCL","Cultures et produits animaux","MLI","Mali","5112","Réserves","02151","Poulets","2022","2022","1000 têtes","56221","I","Valeur imputée",""
"QCL","Cultures et produits animaux","MLI","Mali","5321","Animaux Producteurs/Abattus","21121","Viande, poulet, fraîche ou réfrigérée","2022","2022","1000 têtes","82038","I","Valeur imputée",""
"QCL","Cultures et produits animaux","MLT","Malte","5321","Animaux Producteurs/Abattus","21121","Viande, poulet, fraîche ou réfrigérée","2022","2022","1000 têtes","2666","A","Chiffre officiel",""
"QCL","Cultures et produits animaux","MAR","Maroc","5112","Réserves","02151","Poulets","2022","2022","1000 têtes","222399","I","Valeur imputée",""
"QCL","Cultures et produits animaux","MAR","Maroc","5321","Animaux Producteurs/Abattus","21121","Viande, poulet, fraîche ou réfrigérée","2022","2022","1000 têtes","732623","I","Valeur imputée",""
"QCL","Cultures et produits animaux","MUS","Maurice","5112","Réserves","02151","Poulets","2022","2022","1000 têtes","16501","I","Valeur imputée",""
"QCL","Cultures et produits animaux","MUS","Maurice","5321","Animaux Producteurs/Abattus","21121","Viande, poulet, fraîche ou réfrigérée","2022","2022","1000 têtes","49540","I","Valeur imputée",""
"QCL","Cultures et produits animaux","MRT","Mauritanie","5112","Réserves","02151","Poulets","2022","2022","1000 têtes","4784","I","Valeur imputée",""
"QCL","Cultures et produits animaux","MRT","Mauritanie","5321","Animaux Producteurs/Abattus","21121","Viande, poulet, fraîche ou réfrigérée","2022","2022","1000 têtes","6149","I","Valeur imputée",""
"QCL","Cultures et produits animaux","MEX","Mexique","5112","Réserves","02151","Poulets","2022","2022","1000 têtes","611202","A","Chiffre officiel",""
"QCL","Cultures et produits animaux","MEX","Mexique","5321","Animaux Producteurs/Abattus","21121","Viande, poulet, fraîche ou réfrigérée","2022","2022","1000 têtes","2071504","A","Chiffre officiel",""
"QCL","Cultures et produits animaux","FSM","Micronésie (États fédérés de)","5112","Réserves","02151","Poulets","2022","2022","1000 têtes","192","I","Valeur imputée",""
"QCL","Cultures et produits animaux","FSM","Micronésie (États fédérés de)","5321","Animaux Producteurs/Abattus","21121","Viande, poulet, fraîche ou réfrigérée","2022","2022","1000 têtes","202","I","Valeur imputée",""
"QCL","Cultures et produits animaux","MNG","Mongolie","5112","Réserves","02151","Poulets","2022","2022","1000 têtes","1506","A","Chiffre officiel",""
"QCL","Cultures et produits animaux","MNG","Mongolie","5321","Animaux Producteurs/Abattus","21121","Viande, poulet, fraîche ou réfrigérée","2022","2022","1000 têtes","217","I","Valeur imputée",""
"QCL","Cultures et produits animaux","MNE","Monténégro","5112","Réserves","02151","Poulets","2022","2022","1000 têtes","855","A","Chiffre officiel",""
"QCL","Cultures et produits animaux","MNE","Monténégro","5321","Animaux Producteurs/Abattus","21121","Viande, poulet, fraîche ou réfrigérée","2022","2022","1000 têtes","3370","I","Valeur imputée",""
"QCL","Cultures et produits animaux","MOZ","Mozambique","5112","Réserves","02151","Poulets","2022","2022","1000 têtes","26877","A","Chiffre officiel",""
"QCL","Cultures et produits animaux","MOZ","Mozambique","5321","Animaux Producteurs/Abattus","21121","Viande, poulet, fraîche ou réfrigérée","2022","2022","1000 têtes","40443","I","Valeur imputée",""
"QCL","Cultures et produits animaux","MMR","Myanmar","5112","Réserves","02151","Poulets","2022","2022","1000 têtes","110000","E","Valeur estimée",""
"QCL","Cultures et produits animaux","MMR","Myanmar","5321","Animaux Producteurs/Abattus","21121","Viande, poulet, fraîche ou réfrigérée","2022","2022","1000 têtes","467906","E","Valeur estimée",""
"QCL","Cultures et produits animaux","NAM","Namibie","5112","Réserves","02151","Poulets","2022","2022","1000 têtes","4502","I","Valeur imputée",""
"QCL","Cultures et produits animaux","NAM","Namibie","5321","Animaux Producteurs/Abattus","21121","Viande, poulet, fraîche ou réfrigérée","2022","2022","1000 têtes","14370","E","Valeur estimée",""
"QCL","Cultures et produits animaux","NRU","Nauru","5112","Réserves","02151","Poulets","2022","2022","1000 têtes","5","I","Valeur imputée",""
"QCL","Cultures et produits animaux","NRU","Nauru","5321","Animaux Producteurs/Abattus","21121","Viande, poulet, fraîche ou réfrigérée","2022","2022","1000 têtes","5","I","Valeur imputée",""
"QCL","Cultures et produits animaux","NPL","Népal","5112","Réserves","02151","Poulets","2022","2022","1000 têtes","66803","A","Chiffre officiel",""
"QCL","Cultures et produits animaux","NPL","Népal","5321","Animaux Producteurs/Abattus","21121","Viande, poulet, fraîche ou réfrigérée","2022","2022","1000 têtes","230000","E","Valeur estimée",""
"QCL","Cultures et produits animaux","NIC","Nicaragua","5112","Réserves","02151","Poulets","2022","2022","1000 têtes","27584","I","Valeur imputée",""
"QCL","Cultures et produits animaux","NIC","Nicaragua","5321","Animaux Producteurs/Abattus","21121","Viande, poulet, fraîche ou réfrigérée","2022","2022","1000 têtes","67281","A","Chiffre officiel",""
"QCL","Cultures et produits animaux","NER","Niger","5112","Réserves","02151","Poulets","2022","2022","1000 têtes","20788","I","Valeur imputée",""
"QCL","Cultures et produits animaux","NER","Niger","5321","Animaux Producteurs/Abattus","21121","Viande, poulet, fraîche ou réfrigérée","2022","2022","1000 têtes","25255","I","Valeur imputée",""
"QCL","Cultures et produits animaux","NGA","Nigéria","5112","Réserves","02151","Poulets","2022","2022","1000 têtes","248992","I","Valeur imputée",""
"QCL","Cultures et produits animaux","NGA","Nigéria","5321","Animaux Producteurs/Abattus","21121","Viande, poulet, fraîche ou réfrigérée","2022","2022","1000 têtes","302017","E","Valeur estimée",""
"QCL","Cultures et produits animaux","NIU","Nioué","5112","Réserves","02151","Poulets","2022","2022","1000 têtes","19","E","Valeur estimée",""
"QCL","Cultures et produits animaux","NIU","Nioué","5321","Animaux Producteurs/Abattus","21121","Viande, poulet, fraîche ou réfrigérée","2022","2022","1000 têtes","24","E","Valeur estimée",""
"QCL","Cultures et produits animaux","NOR","Norvège","5112","Réserves","02151","Poulets","2022","2022","1000 têtes","16131","A","Chiffre officiel",""
"QCL","Cultures et produits animaux","NOR","Norvège","5321","Animaux Producteurs/Abattus","21121","Viande, poulet, fraîche ou réfrigérée","2022","2022","1000 têtes","72329","A","Chiffre officiel",""
"QCL","Cultures et produits animaux","NCL","Nouvelle-Calédonie","5112","Réserves","02151","Poulets","2022","2022","1000 têtes","577","I","Valeur imputée",""
"QCL","Cultures et produits animaux","NCL","Nouvelle-Calédonie","5321","Animaux Producteurs/Abattus","21121","Viande, poulet, fraîche ou réfrigérée","2022","2022","1000 têtes","545","I","Valeur imputée",""
"QCL","Cultures et produits animaux","NZL","Nouvelle-Zélande","5112","Réserves","02151","Poulets","2022","2022","1000 têtes","24963","A","Chiffre officiel",""
"QCL","Cultures et produits animaux","NZL","Nouvelle-Zélande","5321","Animaux Producteurs/Abattus","21121","Viande, poulet, fraîche ou réfrigérée","2022","2022","1000 têtes","119535","A","Chiffre officiel",""
"QCL","Cultures et produits animaux","OMN","Oman","5112","Réserves","02151","Poulets","2022","2022","1000 têtes","5004","I","Valeur imputée",""
"QCL","Cultures et produits animaux","OMN","Oman","5321","Animaux Producteurs/Abattus","21121","Viande, poulet, fraîche ou réfrigérée","2022","2022","1000 têtes","8521","I","Valeur imputée",""
"QCL","Cultures et produits animaux","UGA","Ouganda","5112","Réserves","02151","Poulets","2022","2022","1000 têtes","36488","E","Valeur estimée",""
"QCL","Cultures et produits animaux","UGA","Ouganda","5321","Animaux Producteurs/Abattus","21121","Viande, poulet, fraîche ou réfrigérée","2022","2022","1000 têtes","52695","E","Valeur estimée",""
"QCL","Cultures et produits animaux","UZB","Ouzbékistan","5112","Réserves","02151","Poulets","2022","2022","1000 têtes","86877","I","Valeur imputée",""
"QCL","Cultures et produits animaux","UZB","Ouzbékistan","5321","Animaux Producteurs/Abattus","21121","Viande, poulet, fraîche ou réfrigérée","2022","2022","1000 têtes","75412","E","Valeur estimée",""
"QCL","Cultures et produits animaux","PAK","Pakistan","5112","Réserves","02151","Poulets","2022","2022","1000 têtes","1725000","A","Chiffre officiel",""
"QCL","Cultures et produits animaux","PAK","Pakistan","5321","Animaux Producteurs/Abattus","21121","Viande, poulet, fraîche ou réfrigérée","2022","2022","1000 têtes","1680000","A","Chiffre officiel",""
"QCL","Cultures et produits animaux","PSE","Palestine","5112","Réserves","02151","Poulets","2022","2022","1000 têtes","6048","I","Valeur imputée",""
"QCL","Cultures et produits animaux","PSE","Palestine","5321","Animaux Producteurs/Abattus","21121","Viande, poulet, fraîche ou réfrigérée","2022","2022","1000 têtes","20866","I","Valeur imputée",""
"QCL","Cultures et produits animaux","PAN","Panama","5112","Réserves","02151","Poulets","2022","2022","1000 têtes","28924","I","Valeur imputée",""
"QCL","Cultures et produits animaux","PAN","Panama","5321","Animaux Producteurs/Abattus","21121","Viande, poulet, fraîche ou réfrigérée","2022","2022","1000 têtes","138378","I","Valeur imputée",""
"QCL","Cultures et produits animaux","PNG","Papouasie-Nouvelle-Guinée","5112","Réserves","02151","Poulets","2022","2022","1000 têtes","4693","E","Valeur estimée",""
"QCL","Cultures et produits animaux","PNG","Papouasie-Nouvelle-Guinée","5321","Animaux Producteurs/Abattus","21121","Viande, poulet, fraîche ou réfrigérée","2022","2022","1000 têtes","7389","E","Valeur estimée",""
"QCL","Cultures et produits animaux","PRY","Paraguay","5112","Réserves","02151","Poulets","2022","2022","1000 têtes","25875","A","Chiffre officiel",""
"QCL","Cultures et produits animaux","PRY","Paraguay","5321","Animaux Producteurs/Abattus","21121","Viande, poulet, fraîche ou réfrigérée","2022","2022","1000 têtes","76141","A","Chiffre officiel",""
"QCL","Cultures et produits animaux","NLD","Pays-Bas (Royaume des)","5321","Animaux Producteurs/Abattus","21121","Viande, poulet, fraîche ou réfrigérée","2022","2022","1000 têtes","517709","A","Chiffre officiel",""
"QCL","Cultures et produits animaux","PER","Pérou","5112","Réserves","02151","Poulets","2022","2022","1000 têtes","190882","A","Chiffre officiel",""
"QCL","Cultures et produits animaux","PER","Pérou","5321","Animaux Producteurs/Abattus","21121","Viande, poulet, fraîche ou réfrigérée","2022","2022","1000 têtes","803596","A","Chiffre officiel",""
"QCL","Cultures et produits animaux","PHL","Philippines","5112","Réserves","02151","Poulets","2022","2022","1000 têtes","185102","A","Chiffre officiel",""
"QCL","Cultures et produits animaux","PHL","Philippines","5321","Animaux Producteurs/Abattus","21121","Viande, poulet, fraîche ou réfrigérée","2022","2022","1000 têtes","1196972","A","Chiffre officiel",""
"QCL","Cultures et produits animaux","POL","Pologne","5112","Réserves","02151","Poulets","2022","2022","1000 têtes","176580","A","Chiffre officiel",""
"QCL","Cultures et produits animaux","POL","Pologne","5321","Animaux Producteurs/Abattus","21121","Viande, poulet, fraîche ou réfrigérée","2022","2022","1000 têtes","1200098","A","Chiffre officiel",""
"QCL","Cultures et produits animaux","PYF","Polynésie française","5112","Réserves","02151","Poulets","2022","2022","1000 têtes","331","I","Valeur imputée",""
"QCL","Cultures et produits animaux","PYF","Polynésie française","5321","Animaux Producteurs/Abattus","21121","Viande, poulet, fraîche ou réfrigérée","2022","2022","1000 têtes","667","E","Valeur estimée",""
"QCL","Cultures et produits animaux","PRI","Porto Rico","5112","Réserves","02151","Poulets","2022","2022","1000 têtes","9365","I","Valeur imputée",""
"QCL","Cultures et produits animaux","PRI","Porto Rico","5321","Animaux Producteurs/Abattus","21121","Viande, poulet, fraîche ou réfrigérée","2022","2022","1000 têtes","23348","I","Valeur imputée",""
"QCL","Cultures et produits animaux","PRT","Portugal","5321","Animaux Producteurs/Abattus","21121","Viande, poulet, fraîche ou réfrigérée","2022","2022","1000 têtes","217276","A","Chiffre officiel",""
"QCL","Cultures et produits animaux","QAT","Qatar","5112","Réserves","02151","Poulets","2022","2022","1000 têtes","30000","E","Valeur estimée",""
"QCL","Cultures et produits animaux","QAT","Qatar","5321","Animaux Producteurs/Abattus","21121","Viande, poulet, fraîche ou réfrigérée","2022","2022","1000 têtes","25000","E","Valeur estimée",""
"QCL","Cultures et produits animaux","SYR","République arabe syrienne","5112","Réserves","02151","Poulets","2022","2022","1000 têtes","14526","A","Chiffre officiel",""
"QCL","Cultures et produits animaux","SYR","République arabe syrienne","5321","Animaux Producteurs/Abattus","21121","Viande, poulet, fraîche ou réfrigérée","2022","2022","1000 têtes","75963","I","Valeur imputée",""
"QCL","Cultures et produits animaux","CAF","République centrafricaine","5112","Réserves","02151","Poulets","2022","2022","1000 têtes","7138","E","Valeur estimée",""
"QCL","Cultures et produits animaux","CAF","République centrafricaine","5321","Animaux Producteurs/Abattus","21121","Viande, poulet, fraîche ou réfrigérée","2022","2022","1000 têtes","7354","E","Valeur estimée",""
"QCL","Cultures et produits animaux","KOR","République de Corée","5112","Réserves","02151","Poulets","2022","2022","1000 têtes","172868","A","Chiffre officiel",""
"QCL","Cultures et produits animaux","KOR","République de Corée","5321","Animaux Producteurs/Abattus","21121","Viande, poulet, fraîche ou réfrigérée","2022","2022","1000 têtes","1030472","I","Valeur imputée",""
"QCL","Cultures et produits animaux","MDA","République de Moldova","5112","Réserves","02151","Poulets","2022","2022","1000 têtes","48867","I","Valeur imputée",""
"QCL","Cultures et produits animaux","MDA","République de Moldova","5321","Animaux Producteurs/Abattus","21121","Viande, poulet, fraîche ou réfrigérée","2022","2022","1000 têtes","43608","I","Valeur imputée",""
"QCL","Cultures et produits animaux","COD","République démocratique du Congo","5112","Réserves","02151","Poulets","2022","2022","1000 têtes","18007","I","Valeur imputée",""
"QCL","Cultures et produits animaux","COD","République démocratique du Congo","5321","Animaux Producteurs/Abattus","21121","Viande, poulet, fraîche ou réfrigérée","2022","2022","1000 têtes","16061","I","Valeur imputée",""
"QCL","Cultures et produits animaux","LAO","République démocratique populaire lao","5112","Réserves","02151","Poulets","2022","2022","1000 têtes","50118","A","Chiffre officiel",""
"QCL","Cultures et produits animaux","LAO","République démocratique populaire lao","5321","Animaux Producteurs/Abattus","21121","Viande, poulet, fraîche ou réfrigérée","2022","2022","1000 têtes","47337","I","Valeur imputée",""
"QCL","Cultures et produits animaux","DOM","République dominicaine","5112","Réserves","02151","Poulets","2022","2022","1000 têtes","223800","A","Chiffre officiel",""
"QCL","Cultures et produits animaux","DOM","République dominicaine","5321","Animaux Producteurs/Abattus","21121","Viande, poulet, fraîche ou réfrigérée","2022","2022","1000 têtes","201400","I","Valeur imputée",""
"QCL","Cultures et produits animaux","PRK","République populaire démocratique de Corée","5112","Réserves","02151","Poulets","2022","2022","1000 têtes","5810","I","Valeur imputée",""
"QCL","Cultures et produits animaux","PRK","République populaire démocratique de Corée","5321","Animaux Producteurs/Abattus","21121","Viande, poulet, fraîche ou réfrigérée","2022","2022","1000 têtes","9892","I","Valeur imputée",""
"QCL","Cultures et produits animaux","TZA","République-Unie de Tanzanie","5112","Réserves","02151","Poulets","2022","2022","1000 têtes","40036","I","Valeur imputée",""
"QCL","Cultures et produits animaux","TZA","République-Unie de Tanzanie","5321","Animaux Producteurs/Abattus","21121","Viande, poulet, fraîche ou réfrigérée","2022","2022","1000 têtes","117550","I","Valeur imputée",""
"QCL","Cultures et produits animaux","ROU","Roumanie","5112","Réserves","02151","Poulets","2022","2022","1000 têtes","78268","A","Chiffre officiel",""
"QCL","Cultures et produits animaux","ROU","Roumanie","5321","Animaux Producteurs/Abattus","21121","Viande, poulet, fraîche ou réfrigérée","2022","2022","1000 têtes","285713","A","Chiffre officiel",""
"QCL","Cultures et produits animaux","GBR","Royaume-Uni de Grande-Bretagne et d'Irlande du Nord","5112","Réserves","02151","Poulets","2022","2022","1000 têtes","179000","A","Chiffre officiel",""
"QCL","Cultures et produits animaux","GBR","Royaume-Uni de Grande-Bretagne et d'Irlande du Nord","5321","Animaux Producteurs/Abattus","21121","Viande, poulet, fraîche ou réfrigérée","2022","2022","1000 têtes","1128000","A","Chiffre officiel",""
"QCL","Cultures et produits animaux","RWA","Rwanda","5112","Réserves","02151","Poulets","2022","2022","1000 têtes","2583","A","Chiffre officiel",""
"QCL","Cultures et produits animaux","RWA","Rwanda","5321","Animaux Producteurs/Abattus","21121","Viande, poulet, fraîche ou réfrigérée","2022","2022","1000 têtes","2942","I","Valeur imputée",""
"QCL","Cultures et produits animaux","LCA","Sainte-Lucie","5112","Réserves","02151","Poulets","2022","2022","1000 têtes","475","I","Valeur imputée",""
"QCL","Cultures et produits animaux","LCA","Sainte-Lucie","5321","Animaux Producteurs/Abattus","21121","Viande, poulet, fraîche ou réfrigérée","2022","2022","1000 têtes","1130","I","Valeur imputée",""
"QCL","Cultures et produits animaux","KNA","Saint-Kitts-et-Nevis","5112","Réserves","02151","Poulets","2022","2022","1000 têtes","65","A","Chiffre officiel",""
"QCL","Cultures et produits animaux","KNA","Saint-Kitts-et-Nevis","5321","Animaux Producteurs/Abattus","21121","Viande, poulet, fraîche ou réfrigérée","2022","2022","1000 têtes","70","E","Valeur estimée",""
"QCL","Cultures et produits animaux","VCT","Saint-Vincent-et-les Grenadines","5112","Réserves","02151","Poulets","2022","2022","1000 têtes","254","I","Valeur imputée",""
"QCL","Cultures et produits animaux","VCT","Saint-Vincent-et-les Grenadines","5321","Animaux Producteurs/Abattus","21121","Viande, poulet, fraîche ou réfrigérée","2022","2022","1000 têtes","451","I","Valeur imputée",""
"QCL","Cultures et produits animaux","WSM","Samoa","5112","Réserves","02151","Poulets","2022","2022","1000 têtes","455","I","Valeur imputée",""
"QCL","Cultures et produits animaux","WSM","Samoa","5321","Animaux Producteurs/Abattus","21121","Viande, poulet, fraîche ou réfrigérée","2022","2022","1000 têtes","498","I","Valeur imputée",""
"QCL","Cultures et produits animaux","STP","Sao Tomé-et-Principe","5112","Réserves","02151","Poulets","2022","2022","1000 têtes","300","E","Valeur estimée",""
"QCL","Cultures et produits animaux","STP","Sao Tomé-et-Principe","5321","Animaux Producteurs/Abattus","21121","Viande, poulet, fraîche ou réfrigérée","2022","2022","1000 têtes","967","E","Valeur estimée",""
"QCL","Cultures et produits animaux","SEN","Sénégal","5112","Réserves","02151","Poulets","2022","2022","1000 têtes","97459","A","Chiffre officiel",""
"QCL","Cultures et produits animaux","SEN","Sénégal","5321","Animaux Producteurs/Abattus","21121","Viande, poulet, fraîche ou réfrigérée","2022","2022","1000 têtes","96971","A","Chiffre officiel",""
"QCL","Cultures et produits animaux","SRB","Serbie","5112","Réserves","02151","Poulets","2022","2022","1000 têtes","14624","A","Chiffre officiel",""
"QCL","Cultures et produits animaux","SRB","Serbie","5321","Animaux Producteurs/Abattus","21121","Viande, poulet, fraîche ou réfrigérée","2022","2022","1000 têtes","65019","A","Chiffre officiel",""
"QCL","Cultures et produits animaux","SYC","Seychelles","5112","Réserves","02151","Poulets","2022","2022","1000 têtes","250","E","Valeur estimée",""
"QCL","Cultures et produits animaux","SYC","Seychelles","5321","Animaux Producteurs/Abattus","21121","Viande, poulet, fraîche ou réfrigérée","2022","2022","1000 têtes","919","A","Chiffre officiel",""
"QCL","Cultures et produits animaux","SLE","Sierra Leone","5112","Réserves","02151","Poulets","2022","2022","1000 têtes","26928","I","Valeur imputée",""
"QCL","Cultures et produits animaux","SLE","Sierra Leone","5321","Animaux Producteurs/Abattus","21121","Viande, poulet, fraîche ou réfrigérée","2022","2022","1000 têtes","22554","I","Valeur imputée",""
"QCL","Cultures et produits animaux","SGP","Singapour","5112","Réserves","02151","Poulets","2022","2022","1000 têtes","2500","E","Valeur estimée",""
"QCL","Cultures et produits animaux","SGP","Singapour","5321","Animaux Producteurs/Abattus","21121","Viande, poulet, fraîche ou réfrigérée","2022","2022","1000 têtes","30161","A","Chiffre officiel",""
"QCL","Cultures et produits animaux","SVK","Slovaquie","5112","Réserves","02151","Poulets","2022","2022","1000 têtes","9096","A","Chiffre officiel",""
"QCL","Cultures et produits animaux","SVN","Slovénie","5112","Réserves","02151","Poulets","2022","2022","1000 têtes","5023","A","Chiffre officiel",""
"QCL","Cultures et produits animaux","SVN","Slovénie","5321","Animaux Producteurs/Abattus","21121","Viande, poulet, fraîche ou réfrigérée","2022","2022","1000 têtes","40916","A","Chiffre officiel",""
"QCL","Cultures et produits animaux","SOM","Somalie","5112","Réserves","02151","Poulets","2022","2022","1000 têtes","3851","E","Valeur estimée",""
"QCL","Cultures et produits animaux","SOM","Somalie","5321","Animaux Producteurs/Abattus","21121","Viande, poulet, fraîche ou réfrigérée","2022","2022","1000 têtes","5023","I","Valeur imputée",""
"QCL","Cultures et produits animaux","SDN","Soudan","5112","Réserves","02151","Poulets","2022","2022","1000 têtes","50260","E","Valeur estimée",""
"QCL","Cultures et produits animaux","SDN","Soudan","5321","Animaux Producteurs/Abattus","21121","Viande, poulet, fraîche ou réfrigérée","2022","2022","1000 têtes","33674","E","Valeur estimée",""
"QCL","Cultures et produits animaux","SSD","Soudan du Sud","5112","Réserves","02151","Poulets","2022","2022","1000 têtes","36667","E","Valeur estimée",""
"QCL","Cultures et produits animaux","SSD","Soudan du Sud","5321","Animaux Producteurs/Abattus","21121","Viande, poulet, fraîche ou réfrigérée","2022","2022","1000 têtes","38958","E","Valeur estimée",""
"QCL","Cultures et produits animaux","LKA","Sri Lanka","5112","Réserves","02151","Poulets","2022","2022","1000 têtes","22767","A","Chiffre officiel",""
"QCL","Cultures et produits animaux","LKA","Sri Lanka","5321","Animaux Producteurs/Abattus","21121","Viande, poulet, fraîche ou réfrigérée","2022","2022","1000 têtes","173573","I","Valeur imputée",""
"QCL","Cultures et produits animaux","SWE","Suède","5321","Animaux Producteurs/Abattus","21121","Viande, poulet, fraîche ou réfrigérée","2022","2022","1000 têtes","109581","A","Chiffre officiel",""
"QCL","Cultures et produits animaux","CHE","Suisse","5112","Réserves","02151","Poulets","2022","2022","1000 têtes","13109","A","Chiffre officiel",""
"QCL","Cultures et produits animaux","CHE","Suisse","5321","Animaux Producteurs/Abattus","21121","Viande, poulet, fraîche ou réfrigérée","2022","2022","1000 têtes","87016","I","Valeur imputée",""
"QCL","Cultures et produits animaux","SUR","Suriname","5112","Réserves","02151","Poulets","2022","2022","1000 têtes","6277","I","Valeur imputée",""
"QCL","Cultures et produits animaux","SUR","Suriname","5321","Animaux Producteurs/Abattus","21121","Viande, poulet, fraîche ou réfrigérée","2022","2022","1000 têtes","7679","I","Valeur imputée",""
"QCL","Cultures et produits animaux","TJK","Tadjikistan","5112","Réserves","02151","Poulets","2022","2022","1000 têtes","15279","E","Valeur estimée",""
"QCL","Cultures et produits animaux","TJK","Tadjikistan","5321","Animaux Producteurs/Abattus","21121","Viande, poulet, fraîche ou réfrigérée","2022","2022","1000 têtes","11422","E","Valeur estimée",""
"QCL","Cultures et produits animaux","TCD","Tchad","5112","Réserves","02151","Poulets","2022","2022","1000 têtes","6147","E","Valeur estimée",""
"QCL","Cultures et produits animaux","TCD","Tchad","5321","Animaux Producteurs/Abattus","21121","Viande, poulet, fraîche ou réfrigérée","2022","2022","1000 têtes","8043","E","Valeur estimée",""
"QCL","Cultures et produits animaux","CZE","Tchéquie","5321","Animaux Producteurs/Abattus","21121","Viande, poulet, fraîche ou réfrigérée","2022","2022","1000 têtes","118316","A","Chiffre officiel",""
"QCL","Cultures et produits animaux","THA","Thaïlande","5112","Réserves","02151","Poulets","2022","2022","1000 têtes","289778","E","Valeur estimée",""
"QCL","Cultures et produits animaux","THA","Thaïlande","5321","Animaux Producteurs/Abattus","21121","Viande, poulet, fraîche ou réfrigérée","2022","2022","1000 têtes","1299615","E","Valeur estimée",""
"QCL","Cultures et produits animaux","TLS","Timor-Leste","5112","Réserves","02151","Poulets","2022","2022","1000 têtes","1004","E","Valeur estimée",""
"QCL","Cultures et produits animaux","TLS","Timor-Leste","5321","Animaux Producteurs/Abattus","21121","Viande, poulet, fraîche ou réfrigérée","2022","2022","1000 têtes","1104","E","Valeur estimée",""
"QCL","Cultures et produits animaux","TGO","Togo","5112","Réserves","02151","Poulets","2022","2022","1000 têtes","34592","A","Chiffre officiel",""
"QCL","Cultures et produits animaux","TGO","Togo","5321","Animaux Producteurs/Abattus","21121","Viande, poulet, fraîche ou réfrigérée","2022","2022","1000 têtes","35554","E","Valeur estimée",""
"QCL","Cultures et produits animaux","TKL","Tokélaou","5112","Réserves","02151","Poulets","2022","2022","1000 têtes","5","I","Valeur imputée",""
"QCL","Cultures et produits animaux","TKL","Tokélaou","5321","Animaux Producteurs/Abattus","21121","Viande, poulet, fraîche ou réfrigérée","2022","2022","1000 têtes","6","I","Valeur imputée",""
"QCL","Cultures et produits animaux","TON","Tonga","5112","Réserves","02151","Poulets","2022","2022","1000 têtes","339","I","Valeur imputée",""
"QCL","Cultures et produits animaux","TON","Tonga","5321","Animaux Producteurs/Abattus","21121","Viande, poulet, fraîche ou réfrigérée","2022","2022","1000 têtes","365","I","Valeur imputée",""
"QCL","Cultures et produits animaux","TTO","Trinité-et-Tobago","5112","Réserves","02151","Poulets","2022","2022","1000 têtes","40087","I","Valeur imputée",""
"QCL","Cultures et produits animaux","TTO","Trinité-et-Tobago","5321","Animaux Producteurs/Abattus","21121","Viande, poulet, fraîche ou réfrigérée","2022","2022","1000 têtes","33004","A","Chiffre officiel",""
"QCL","Cultures et produits animaux","TUN","Tunisie","5112","Réserves","02151","Poulets","2022","2022","1000 têtes","100147","I","Valeur imputée",""
"QCL","Cultures et produits animaux","TUN","Tunisie","5321","Animaux Producteurs/Abattus","21121","Viande, poulet, fraîche ou réfrigérée","2022","2022","1000 têtes","105342","I","Valeur imputée",""
"QCL","Cultures et produits animaux","TKM","Turkménistan","5112","Réserves","02151","Poulets","2022","2022","1000 têtes","21108","A","Chiffre officiel",""
"QCL","Cultures et produits animaux","TKM","Turkménistan","5321","Animaux Producteurs/Abattus","21121","Viande, poulet, fraîche ou réfrigérée","2022","2022","1000 têtes","18405","I","Valeur imputée",""
"QCL","Cultures et produits animaux","TUR","Turquie","5112","Réserves","02151","Poulets","2022","2022","1000 têtes","361096","A","Chiffre officiel",""
"QCL","Cultures et produits animaux","TUR","Turquie","5321","Animaux Producteurs/Abattus","21121","Viande, poulet, fraîche ou réfrigérée","2022","2022","1000 têtes","1347727","A","Chiffre officiel",""
"QCL","Cultures et produits animaux","TUV","Tuvalu","5112","Réserves","02151","Poulets","2022","2022","1000 têtes","57","E","Valeur estimée",""
"QCL","Cultures et produits animaux","TUV","Tuvalu","5321","Animaux Producteurs/Abattus","21121","Viande, poulet, fraîche ou réfrigérée","2022","2022","1000 têtes","66","E","Valeur estimée",""
"QCL","Cultures et produits animaux","UKR","Ukraine","5112","Réserves","02151","Poulets","2022","2022","1000 têtes","186623","A","Chiffre officiel",""
"QCL","Cultures et produits animaux","UKR","Ukraine","5321","Animaux Producteurs/Abattus","21121","Viande, poulet, fraîche ou réfrigérée","2022","2022","1000 têtes","655401","A","Chiffre officiel",""
"QCL","Cultures et produits animaux","URY","Uruguay","5112","Réserves","02151","Poulets","2022","2022","1000 têtes","3073","A","Chiffre officiel",""
"QCL","Cultures et produits animaux","URY","Uruguay","5321","Animaux Producteurs/Abattus","21121","Viande, poulet, fraîche ou réfrigérée","2022","2022","1000 têtes","30808","A","Chiffre officiel",""
"QCL","Cultures et produits animaux","VUT","Vanuatu","5112","Réserves","02151","Poulets","2022","2022","1000 têtes","414","A","Chiffre officiel",""
"QCL","Cultures et produits animaux","VUT","Vanuatu","5321","Animaux Producteurs/Abattus","21121","Viande, poulet, fraîche ou réfrigérée","2022","2022","1000 têtes","526","I","Valeur imputée",""
"QCL","Cultures et produits animaux","VEN","Venezuela (République bolivarienne du)","5112","Réserves","02151","Poulets","2022","2022","1000 têtes","125528","I","Valeur imputée",""
"QCL","Cultures et produits animaux","VEN","Venezuela (République bolivarienne du)","5321","Animaux Producteurs/Abattus","21121","Viande, poulet, fraîche ou réfrigérée","2022","2022","1000 têtes","216000","X","Ciffre de sources internationales","Chiffre non officiel"
"QCL","Cultures et produits animaux","VNM","Viet Nam","5112","Réserves","02151","Poulets","2022","2022","1000 têtes","400467","I","Valeur imputée",""
"QCL","Cultures et produits animaux","VNM","Viet Nam","5321","Animaux Producteurs/Abattus","21121","Viande, poulet, fraîche ou réfrigérée","2022","2022","1000 têtes","562630","I","Valeur imputée",""
"QCL","Cultures et produits animaux","YEM","Yémen","5112","Réserves","02151","Poulets","2022","2022","1000 têtes","69758","E","Valeur estimée",""
"QCL","Cultures et produits animaux","YEM","Yémen","5321","Animaux Producteurs/Abattus","21121","Viande, poulet, fraîche ou réfrigérée","2022","2022","1000 têtes","191070","E","Valeur estimée",""
"QCL","Cultures et produits animaux","ZMB","Zambie","5112","Réserves","02151","Poulets","2022","2022","1000 têtes","41183","E","Valeur estimée",""
"QCL","Cultures et produits animaux","ZMB","Zambie","5321","Animaux Producteurs/Abattus","21121","Viande, poulet, fraîche ou réfrigérée","2022","2022","1000 têtes","49813","E","Valeur estimée",""
"QCL","Cultures et produits animaux","ZWE","Zimbabwe","5112","Réserves","02151","Poulets","2022","2022","1000 têtes","16261","E","Valeur estimée",""
"QCL","Cultures et produits animaux","ZWE","Zimbabwe","5321","Animaux Producteurs/Abattus","21121","Viande, poulet, fraîche ou réfrigérée","2022","2022","1000 têtes","71381","E","Valeur estimée",""
